codigo,producto,marca,presentacion,categoria,formato,costo,precio_publico,margen_pct,contenido_g_o_ml
7796666359875,Aceite Oliva Laurel y Pimienta,Makia,x250cc MAKIA,Almacen,Envasado de marca,2898.00,3772.00,23.2,250
7796666359899,Aceite Oliva Romero,Makia,x250cc MAKIA,Almacen,Envasado de marca,2898.00,3772.00,23.2,250
7796666359882,Aceite Oliva Tomate y Ajo,Makia,x250cc MAKIA,Almacen,Envasado de marca,2898.00,3772.00,23.2,250
7796666359912,Aceite Oliva y Aji,Makia,x250cc MAKIA,Almacen,Envasado de marca,2898.00,3772.00,23.2,250
7796666359905,Aceite Oliva y Albahaca,Makia,x250cc MAKIA,Almacen,Envasado de marca,2898.00,3772.00,23.2,250
7796666359929,Aceite Oliva y Oregano,Makia,x250cc MAKIA,Almacen,Envasado de marca,2898.00,3772.00,23.2,250
656750783931,Aceite de Coco Neutro,Entrenuts,x360cc Entrenuts Sin Gluten Vegano,Almacen,Envasado de marca,5991.30,7798.20,23.2,360
0763571722411,Aceite de Coco Neutro,Entrenuts,x200cc Entrenuts Sin Gluten Vegano,Almacen,Envasado de marca,3819.06,4970.84,23.2,200
7798446310038,Aceite de Coco Neutro,Entrenuts,x500cc Entrenuts Sin Gluten,Almacen,Envasado de marca,7790.58,10140.12,23.2,500
763571722435,Aceite de Coco Virgen,Entrenuts,x360ml Entrenuts Sin Gluten,Almacen,Envasado de marca,11114.46,14466.44,23.2,360
763571722428,Aceite de Coco Virgen,Entrenuts,x200ml Entrenuts Sin Gluten,Almacen,Envasado de marca,6495.30,8454.20,23.2,200
7796666359868,Aceite de Oliva,Makia,x 500 cc Makia,Almacen,Envasado de marca,4032.00,5248.00,23.2,500
7796666359936,Aceite de Oliva,Makia,x 1 litro Makia,Almacen,Envasado de marca,7434.00,9676.00,23.2,1000
7790265059877,Aceite de Oliva Extra Virgen,La Riojana,x500ml La Riojana,Almacen,Envasado de marca,14421.96,18771.44,23.2,500
7790265059884,Aceite de Oliva Organico Extra Virgen,La Riojana,x500ml La Riojana,Almacen,Envasado de marca,15848.28,20627.92,23.2,500
7798139010061,Aceitunas Negras T00,Famiglia Gullo,x330 Grs Famiglia Gullo,Almacen,Envasado de marca,5462.10,7109.40,23.2,330
7798139010559,Aceitunas Verdes Condimentadas,Famiglia Gullo,x330 Grs Famiglia Gullo,Almacen,Envasado de marca,5817.42,7571.88,23.2,330
7798139010238,Aceitunas Verdes Rellenas con Morron T0,Famiglia Gullo,x330 Grs Famiglia Gullo,Almacen,Envasado de marca,5983.74,7788.36,23.2,330
7798139011013,Aceitunas Verdes T00,Famiglia Gullo,x330g Famiglia Gullo,Almacen,Envasado de marca,5260.50,6847.00,23.2,330
7798139010498,Aceitunas verdes descarozadas T0,Famiglia Gullo,x330 Grs Famiglia Gullo,Almacen,Envasado de marca,4593.96,5979.44,23.2,330
7798139010658,Aceto Balsamico,Famiglia Gullo,x250ml Famiglia Gullo,Almacen,Envasado de marca,4771.62,6210.68,23.2,250
7798139010283,Ajies Dulces en vinagre,Famiglia Gullo,x330 Grs Famiglia Gullo,Almacen,Envasado de marca,4631.76,6028.64,23.2,330
25,Alfajor Proteico x unidad,Olympic,Olympic,Almacen,Unidad suelta,2730.60,2730.60,0.0,
7794903232141,Alfajor YUKA sin tacc,Yuka,x Unidad 50G,Almacen,Unidad suelta,1013.40,1013.40,0.0,50
7798294150053,Alfajor de Dulce de leche Caja,Angiola,x12 unid Sin TACC Angiola,Almacen,Caja o envase múltiple,13356.00,17384.00,23.2,
7798294150046,Alfajor de dulce de leche Unidad,Angiola,sin t.a.c.c. Angiola,Almacen,Unidad suelta,1589.40,1589.40,0.0,
5674,Alfajores Proteicos con Chocolate,Olympic,Caja x12unid Olympic,Almacen,Caja o envase múltiple,22932.00,29848.00,23.2,
7794903232509,Alfajores Surtidos Sin Gluten,Yuka,Caja x 6 unidades YUKA,Almacen,Caja o envase múltiple,4253.76,5536.64,23.2,
7794903232479,Alfajores de Chocolate Negro Sin Gluten,Yuka,Caja x 6 unidades YUKA,Almacen,Caja o envase múltiple,4253.76,5536.64,23.2,
7794903232493,Alfajores de Dulce de leche Sin Gluten,Yuka,Caja x 6 unidades YUKA,Almacen,Caja o envase múltiple,4253.76,5536.64,23.2,
1212121,Almendras Non pareil,Sin marca / fraccionado,x 10  kilos,Almacen,Fraccionado,254520.00,331280.00,23.2,10000
565432,Arroz  para Sushi,Sin marca / fraccionado,x 1kg Fraccionado,Almacen,Fraccionado,3011.40,3919.60,23.2,1000
596856,Arroz inflado Dulce,Sin marca / fraccionado,x500g Fraccionado,Almacen,Fraccionado,4113.90,5354.60,23.2,500
7730977690098,Atun en trozos al natural,Uytuna,x120 Grs Uytuna,Almacen,Envasado de marca,3049.20,3872.00,21.3,120
7730977690104,Atun en trozos al natural,Uytuna,x250 Grs Uytuna,Almacen,Envasado de marca,6237.00,7920.00,21.3,250
7730977690142,Atun en trozos en aceite de girasol,Uytuna,x250 Grs Uytuna,Almacen,Envasado de marca,6237.00,7920.00,21.3,250
7730977690135,Atun en trozos en aceite de girasol,Uytuna,x120 Grs Uytuna,Almacen,Envasado de marca,3049.20,3872.00,21.3,120
00000010,Avena Instantanea,Sin marca / fraccionado,x 3kg Fraccionada,Almacen,Fraccionado,6347.88,8262.32,23.2,3000
7793323025005,Avena Instantanea Sin Gluten,Dicomere,x350g Dicomere,Almacen,Envasado de marca,2637.18,3432.52,23.2,350
27723,Azucar Mascabo,Sin marca / fraccionado,x1Kg Fraccionada,Almacen,Fraccionado,5090.40,6625.60,23.2,1000
44556,Azucar Mascabo,Sin marca / fraccionado,x500gr Fraccionada,Almacen,Fraccionado,2860.20,3722.80,23.2,500
7798100556777,Azucar Mascabo Bolson,Sin marca / fraccionado,x10kg,Almacen,Bolsón o caja de 5 kg o más,46872.00,61008.00,23.2,10000
7798180700072,Barra de Arroz x unidad Mani y Miel,Timon Cruz,x20g Timon Cruz,Almacen,Unidad suelta,784.80,784.80,0.0,20
7798180700065,Barra de Arroz x uniodad Chocolate,Timon Cruz,x20g Timon Cruz,Almacen,Unidad suelta,784.80,784.80,0.0,20
7798180700249,Barra de arroz chocolate 3 un. Sin TACC,Timon Cruz,x 20 gr. Timon Cruz,Almacen,Envasado de marca,1503.18,1956.52,23.2,20
7798180700232,Barra de arroz mani y miel x 3 un. SIN TACC,Timon Cruz,20 gr. Timon Cruz,Almacen,Envasado de marca,1503.18,1956.52,23.2,20
7798180700225,Barra de arroz tradiconal x 3 un. Sin TACC,Timon Cruz,x 20 gr . Timon Cruz,Almacen,Envasado de marca,1503.18,1956.52,23.2,20
7798180700058,Barra de arroz x unidad Tradicional,Timon Cruz,x20g Timon Cruz,Almacen,Unidad suelta,784.80,784.80,0.0,20
7798446310151,Barrita Proteica Chocomani,Entrenuts,x45gr Unid Entrenuts Sin Gluten,Almacen,Unidad suelta,2174.40,2174.40,0.0,45
7798446310168,Barrita Proteica Frutilla Deli,Entrenuts,x45gr Unid Entrenuts Sin Gluten,Almacen,Unidad suelta,2174.40,2174.40,0.0,45
7798446310175,Barrita Proteica Naranja Chocolate,Entrenuts,x45gr Unid Entrenuts Sin Gluten,Almacen,Unidad suelta,2174.40,2174.40,0.0,45
456456,Barritas Energeticas Caja,Olympic,x 18 Unid. Olympic,Almacen,Caja o envase múltiple,31752.00,41328.00,23.2,
487123,Barritas Energeticas x unidad,Olympic,x 60gr Olympic,Almacen,Unidad suelta,2520.00,2520.00,0.0,60
27798446310162,Barritas Proteica Frutilla Deli,Entrenuts,Caja x10unid Entrenuts Sin Gluten,Almacen,Caja o envase múltiple,15215.76,19804.64,23.2,
251687,Barritas Proteica con Yogurt HeraBar,Olympic,x1unid 45gr Olympic,Almacen,Caja o envase múltiple,2565.00,2565.00,0.0,45
151516121,"Barritas Proteicas Caja (Cacao, Frutilla y Crema de mani)",Olympic,x12unid. Olympic,Almacen,Caja o envase múltiple,22680.00,29520.00,23.2,
1515152366,"Barritas Proteicas Caja (Vainilla, Chocolate y Coco)",Olympic,x12unid. Olympic,Almacen,Caja o envase múltiple,22680.00,29520.00,23.2,
27798446310155,Barritas Proteicas Chocomani,Entrenuts,Caja x10 Unid EntreNuts Sin Gluten,Almacen,Caja o envase múltiple,15215.76,19804.64,23.2,
27798446310179,Barritas Proteicas Naranja Chocolate,Entrenuts,Caja x10 Unid EntreNuts Sin Gluten,Almacen,Caja o envase múltiple,15215.76,19804.64,23.2,
0763571,Barritas Proteicas con Yogurt HeraBar Caja,Olympic,x 12 Unid. Olympic,Almacen,Caja o envase múltiple,21546.00,28044.00,23.2,
4871234,Barritas Proteicas x unidad,Olympic,x 60gr Olympic,Almacen,Unidad suelta,2700.00,2700.00,0.0,60
0727373175592,Barritas Zannas Almendras y Sal marina Sin Gluten,Zanna's,x 40gr unidad Zanna s,Almacen,Unidad suelta,1494.00,1494.00,0.0,40
737373737371,Barritas Zannas Almendras y Sal marina Sin Gluten,Zanna's,x 12 Unid. Caja Zanna s,Almacen,Caja o envase múltiple,12474.00,16236.00,23.2,
07273731755608,Barritas Zannas Arandanos Sin Gluten,Zanna's,x 40gr unidad Zanna s,Almacen,Unidad suelta,1494.00,1494.00,0.0,40
7373737373732,Barritas Zannas Arandanos Sin Gluten,Zanna's,x 12 Unid. Caja Zanna s,Almacen,Caja o envase múltiple,12474.00,16236.00,23.2,
0727373175639,Barritas Zannas Coco y Cacao Sin Gluten,Zanna's,x 40gr unidad Zanna s,Almacen,Unidad suelta,1494.00,1494.00,0.0,40
7798333321963,Bebida de Almendras Proteica,Pampa Vida,x1L Sin Gluten Pampa Vida,Almacen,Envasado de marca,5203.80,6773.20,23.2,1000
7798333321871,Bebida/Leche de Almendra Original,Pampa Vida,x1L Sin Gluten Pampa Vida,Almacen,Envasado de marca,3956.40,5149.60,23.2,1000
7798333321888,Bebida/Leche de Almendra Sin Azucar,Pampa Vida,x1L Sin Gluten Pampa Vida,Almacen,Envasado de marca,3956.40,5149.60,23.2,1000
7798139010474,Berenjenas condimentadas,Famiglia Gullo,x330 Grs Famiglia Gullo,Almacen,Envasado de marca,5540.22,7211.08,23.2,330
7798340790301,Bizcochitos con semillas. Sin TACC,Franks,x 100gr Franks,Almacen,Envasado de marca,1653.12,2151.68,23.2,100
77980790264,Bizcochitos queso. Sin TACC,Franks,x 100gr Franks,Almacen,Envasado de marca,1653.12,2151.68,23.2,100
360360,Bocaditos Proteicos Afrodita,Olympic,x12unid 30gr Olympic,Almacen,Caja o envase múltiple,13986.00,18204.00,23.2,30
360361,Bocaditos Proteicos Afrodita,Olympic,x30gr Olympic,Almacen,Unidad suelta,1591.20,1591.20,0.0,30
7798294150077,Budin con Chips de Chocolate,Angiola,x200g Sin TACC Angiola,Almacen,Envasado de marca,3727.08,4851.12,23.2,200
7798294150060,Budin de Vainilla,Angiola,x200g Sin TACC Angiola,Almacen,Envasado de marca,3727.08,4851.12,23.2,200
3242342,Caja Kit de Sahumerios,Sin marca / fraccionado,Varios,Almacen,Caja o envase múltiple,5040.00,6000.00,16.0,
7798142266943,Caldo  Gallina,Dean Funes,x100gr-DEAN FUNES,Almacen,Envasado de marca,2866.50,3731.00,23.2,100
7798142266905,Caldo Carne,Dean Funes,x500gr-DEAN FUNES,Almacen,Envasado de marca,8915.76,11604.64,23.2,500
7798142266882,Caldo Carne,Dean Funes,x100gr-DEAN FUNES,Almacen,Envasado de marca,2866.50,3731.00,23.2,100
4589637,Caldo Verdura,Dean Funes,x100gr-DEAN FUNES,Almacen,Envasado de marca,2866.50,3731.00,23.2,100
167649,Caramelo duro arrope y miel,Sin marca / fraccionado,x unidad,Almacen,Unidad suelta,144.00,144.00,0.0,
168219,Caramelo duro de miel,Sin marca / fraccionado,x unidad,Almacen,Unidad suelta,144.00,144.00,0.0,
167663,Caramelo duro eucalipto,Sin marca / fraccionado,x unidad,Almacen,Unidad suelta,144.00,144.00,0.0,
167601,Caramelo duro jengibre y  propoleo,Sin marca / fraccionado,x unidad,Almacen,Unidad suelta,144.00,144.00,0.0,
167670,Caramelo duro miel y propoleos,Sin marca / fraccionado,X unidad,Almacen,Unidad suelta,144.00,144.00,0.0,
167632,Caramelo duro propoleos,Sin marca / fraccionado,X unidad,Almacen,Unidad suelta,144.00,144.00,0.0,
167991,"Caramelo miel,jengibre,limon y vit c",Sin marca / fraccionado,x unidad,Almacen,Unidad suelta,144.00,144.00,0.0,
7798142260577,Cebolla Molida,Dean Funes,x100gr-DEAN FUNES,Almacen,Envasado de marca,1493.10,1943.40,23.2,100
7798139012232,Cebollitas Agridulces,Famiglia Gullo,x330g Famiglia Gullo,Almacen,Envasado de marca,6573.42,8555.88,23.2,330
7798139010566,Cebollitas en Vinagre,Famiglia Gullo,x330gr Famiglia Gullo,Almacen,Envasado de marca,5632.20,7330.80,23.2,330
7798139011020,Cerezas en almibar,Famiglia Gullo,x120 Grs Famiglia Gullo,Almacen,Envasado de marca,8492.40,11053.60,23.2,120
764451287662,Chalitas Integrales Calabaza y Semilla Zapallo,Hesai,x180gr Hesai,Almacen,Envasado de marca,3025.26,3937.64,23.2,180
764451287624,Chalitas Integrales Cebolla,Hesai,x180gr Hesai,Almacen,Envasado de marca,2957.22,3849.08,23.2,180
636266679836,Chalitas Integrales Multicereal,Hesai,x180gr Hesai,Almacen,Envasado de marca,2672.46,3478.44,23.2,180
764451287631,Chalitas Integrales Tomillo y Oregano,Hesai,x180gr Hesai,Almacen,Envasado de marca,2672.46,3478.44,23.2,180
636266680047,Chalitas Integrales con Lino,Hesai,x180gr Hesai,Almacen,Envasado de marca,2672.46,3478.44,23.2,180
800000000154,Chips Chocolate Negro,Sin marca / fraccionado,x500g Fraccionado,Almacen,Fraccionado,6006.42,7817.88,23.2,500
7798171732860,Chips de Batatas con Merken Patagonico,Nuestros Sabores,x80gr Nuestros Sabores,Almacen,Envasado de marca,1477.98,1923.72,23.2,80
7798171730026,Chips de Batatitas y Sal marina,Nuestros Sabores,x80gr Nuestros Sabores,Almacen,Envasado de marca,1477.98,1923.72,23.2,80
7798171730019,Chips de Mandioca y Sal Marina,Nuestros Sabores,x80gr Nuestros Sabores,Almacen,Envasado de marca,1477.98,1923.72,23.2,80
7798171733171,Chips de Papas Picante Thai,Nuestros Sabores,x80gr Nuestros Sabores,Almacen,Envasado de marca,1477.98,1923.72,23.2,80
7798171732167,Chips de Papas Pimienta Negra y Sal Marina,Nuestros Sabores,x80gr Nuestros Sabores,Almacen,Envasado de marca,1477.98,1923.72,23.2,80
7798171730392,Chips de Papas Rusticas con Sal Marina,Nuestros Sabores,x80gr Nuestros Sabores,Almacen,Envasado de marca,1477.98,1923.72,23.2,80
7798171730477,"Chips de Remolachas, Batatas y Sal Marina",Nuestros Sabores,x80gr Nuestros Sabores,Almacen,Envasado de marca,1477.98,1923.72,23.2,80
7797897003193,Chocolate al 70% c/stevia amargo,El Colonial,CAJA x 10 tabletas. El Colonial,Almacen,Caja o envase múltiple,27331.92,35574.88,23.2,
645343,Coco en Escamas,Sin marca / fraccionado,x500g Fraccionado,Almacen,Fraccionado,8095.50,10537.00,23.2,500
645345,Coco en Escamas,Sin marca / fraccionado,x100 Grs,Almacen,Fraccionado,2494.80,3168.00,21.2,100
09824098332,Coco en Escamas,Sin marca / fraccionado,x1 Kg,Almacen,Fraccionado,15561.00,20254.00,23.2,1000
645340,Coco en Escamas Bolson,Sin marca / fraccionado,x5kg,Almacen,Bolsón o caja de 5 kg o más,75600.00,96000.00,21.3,5000
5007,Datiles con carozo,Sin marca / fraccionado,x500gr.,Almacen,Fraccionado,3559.50,4633.00,23.2,500
7798180700126,Disco  arroz chocolate. Sin TACC,Timon Cruz,x 60 gr Timon Cruz,Almacen,Envasado de marca,1392.30,1812.20,23.2,60
7798180700119,Disco  arroz tradicional. Sin TACC,Timon Cruz,x 90 gr Timon Cruz,Almacen,Envasado de marca,1392.30,1812.20,23.2,90
7798173140021,Discos de Arroz Con Sal,Rincon integral,x100 Grs Rincon integral,Almacen,Envasado de marca,1134.00,1476.00,23.2,100
7798173140014,Discos de Arroz Dulces,Rincon integral,x100 Grs Rincon integral,Almacen,Envasado de marca,1134.00,1476.00,23.2,100
7798173140038,Discos de Arroz Sin Sal,Rincon integral,x100 Grs Rincon integral,Almacen,Envasado de marca,1134.00,1476.00,23.2,100
7798382830362,Dulce de leche con stevia,Kony,x440 Grs Kony,Almacen,Envasado de marca,6244.56,8127.84,23.2,440
7798423670070,Fajitas Blancas,Fermar,x180gr Fermar,Almacen,Envasado de marca,1026.90,1336.60,23.2,180
7798423670056,Fajitas Chia,Fermar,x180gr Fermar,Almacen,Envasado de marca,1026.90,1336.60,23.2,180
7798423670087,Fajitas Lino,Fermar,x180gr Fermar,Almacen,Envasado de marca,1026.90,1336.60,23.2,180
7798423670063,Fajitas Multicereal,Fermar,x180gr Fermar,Almacen,Envasado de marca,1026.90,1336.60,23.2,180
781718647441,Fideos Tirabuzon Multivegetal Sin Gluten,Optima,x400gr Optima,Almacen,Envasado de marca,2381.40,3099.60,23.2,400
781718647466,Fideos Tirabuzon de Arroz Sin Gluten,Optima,x400gr Optima,Almacen,Envasado de marca,2381.40,3099.60,23.2,400
781718647465,Fideos Tirabuzon de Maiz Sin Gluten,Optima,x400gr Optima,Almacen,Envasado de marca,2381.40,3099.60,23.2,400
7798340790349,Galletas arandanos y chia. Sin TACC,Franks,x 130 gr.Franks,Almacen,Envasado de marca,2019.78,2628.92,23.2,130
7798340790189,Galletas chips de choco. Sin TACC,Franks,x 120 gr. Franks,Almacen,Envasado de marca,2019.78,2628.92,23.2,120
7798340790165,Galletas chocolate. Sin TACC,Franks,x 120 gr. Franks,Almacen,Envasado de marca,2019.78,2628.92,23.2,120
7798256470083,Galletas de Avena y Miel,Fermar,x 1kg FERMAR,Almacen,Envasado de marca,5172.30,6732.20,23.2,1000
7798256470076,Galletas de Granola,Fermar,x 1kg FERMAR,Almacen,Envasado de marca,5172.30,6732.20,23.2,1000
7798340790172,Galletas limon. Sin TACC,Franks,X 120 gr. Franks,Almacen,Envasado de marca,2019.78,2628.92,23.2,120
7794767789195,Galletita Integral de Coco,Ceral,x 180gr. Vegano s/azucar. Ceral,Almacen,Envasado de marca,2217.60,2816.00,21.3,180
7794767789201,Galletita Integral de Naranja,Ceral,x 180gr. Vegano s/azucar. Ceral,Almacen,Envasado de marca,2217.60,2816.00,21.3,180
7794767789188,Galletita integral de Limon,Ceral,x 180gr. Vegano s/azucar. Ceral,Almacen,Envasado de marca,2217.60,2816.00,21.3,180
7798294150145,Galletitas Cracker Jamon S/Tacc,Angiola,x150Gr ANGIOLA,Almacen,Envasado de marca,2395.26,3117.64,23.2,150
7798294150121,Galletitas Cracker Saladas S/Tacc,Angiola,x150Gr ANGIOLA,Almacen,Envasado de marca,2395.26,3117.64,23.2,150
7798294150442,Galletitas Dulce Chocolate,Angiola,x130Gr Angiola,Almacen,Envasado de marca,1791.72,2332.08,23.2,130
987978978,Galletitas Dulce Limon,Angiola,x130 Grs Angiola,Almacen,Envasado de marca,1791.72,2332.08,23.2,130
7798294150466,Galletitas Dulces Naranja,Angiola,x130Gr Angiola,Almacen,Envasado de marca,1791.72,2332.08,23.2,130
7798294150435,Galletitas Dulces Vainilla,Angiola,x130Gr Angiola,Almacen,Envasado de marca,1791.72,2332.08,23.2,130
636266679935,Galletitas Integrales Algarroba Sesamo Naranja,Hesai,x100gr Hesai,Almacen,Envasado de marca,1989.54,2589.56,23.2,100
636266679942,Galletitas Integrales Avena y Nuez,Hesai,x100gr Hesai,Almacen,Envasado de marca,2281.86,2970.04,23.2,100
636266679966,Galletitas Integrales Avena y Pasas de Uva,Hesai,x100gr Hesai,Almacen,Envasado de marca,1989.54,2589.56,23.2,100
636266679928,Galletitas Integrales Coco y Sesamo,Hesai,x100gr Hesai,Almacen,Envasado de marca,1989.54,2589.56,23.2,100
7798294150114,Galletitas Limon banadas con chocolate,Angiola,x130 gs sin tacc Angiola,Almacen,Envasado de marca,3719.52,4841.28,23.2,130
7798294150220,Galletitas Naranja banadas con choco,Angiola,x130 gs sin tacc Angiola,Almacen,Envasado de marca,3719.52,4841.28,23.2,130
7798294150503,Galletitas crackers queso. S/ TACC,Angiola,X 150 g Angiola,Almacen,Envasado de marca,2395.26,3117.64,23.2,150
7798294150213,Galletitas de Chocolate sin azucar,Angiola,x120 gs sin tacc Angiola,Almacen,Envasado de marca,2429.28,3161.92,23.2,120
7798294150206,Galletitas de Limon sin azucar,Angiola,x120 gs sin tacc Angiola,Almacen,Envasado de marca,2429.28,3161.92,23.2,120
7798294150183,Galletitas de Naranja sin azucar,Angiola,x120 gs sin tacc Angiola,Almacen,Envasado de marca,2429.28,3161.92,23.2,120
7798294150190,Galletitas de Vainilla sin azucar,Angiola,x120 gs sin tacc Angiola,Almacen,Envasado de marca,2429.28,3161.92,23.2,120
7798365510359,Garbanzo Tostado Mostaza,Sin marca / fraccionado,Pote x100 Grs,Almacen,Fraccionado,1258.74,1638.36,23.2,100
642123,Garbanzo Tostado ciboulette,Sin marca / fraccionado,pote x100gr,Almacen,Fraccionado,1258.74,1638.36,23.2,100
15455436,Garbanzo Tostado jamon ahumado,Sin marca / fraccionado,pote x 100gr,Almacen,Fraccionado,1258.74,1638.36,23.2,100
23541521,Garbanzo Tostado original,Sin marca / fraccionado,pote x100gr,Almacen,Fraccionado,1258.74,1638.36,23.2,100
42342,Garbanzo Tostado queso,Sin marca / fraccionado,pote x 100gr,Almacen,Fraccionado,1258.74,1638.36,23.2,100
190002020,Gelatina Sin Sabor,Tipsy,x1kg Tipsy,Almacen,Envasado de marca,19530.00,25420.00,23.2,1000
7798446310120,Ghee Manteca Clarificada,Entrenuts,x150gr EntreNuts Sin TACC,Almacen,Envasado de marca,5559.12,7235.68,23.2,150
7798446310137,Ghee Manteca Clarificada,Entrenuts,x300gr Entrenuts Sin Gluten,Almacen,Envasado de marca,10126.62,13180.68,23.2,300
654314123,Harina de Lino,Sin marca / fraccionado,x500gr,Almacen,Fraccionado,1598.94,2081.16,23.2,500
654132,Harina de Lino Bolson,Sin marca / fraccionado,x20kilos,Almacen,Bolsón o caja de 5 kg o más,42525.00,55350.00,23.2,20000
800000000161,Higos Grandes,Sin marca / fraccionado,x250 Grs,Almacen,Fraccionado,3118.50,4059.00,23.2,250
7798365510199,Hummus de Garbanzo Ahumado,Vegetanesa,x170 Grs Vegetanesa,Almacen,Envasado de marca,3535.56,4601.84,23.2,170
7798365510182,Hummus de Garbanzo con ajo negro,Vegetanesa,x170 Grs Vegetanesa,Almacen,Envasado de marca,3535.56,4601.84,23.2,170
7798365510175,Hummus de Garbanzo con sesamo,Vegetanesa,x170 Grs Vegetanesa,Almacen,Envasado de marca,3535.56,4601.84,23.2,170
7798438830032,Jugo Exprimido 100% Naranja,Sol y Fruta,x1L Sin Gluten Sol y Fruta,Almacen,Envasado de marca,2696.40,3509.60,23.2,1000
7798107990210,Jugo de Arandanos Clasico,Fito Plus,x1.5 lts Fito Plus,Almacen,Envasado de marca,2298.24,2991.36,23.2,1500
7798107990470,Jugo de Arandanos c/ Chia,Fito Plus,x1.5 lts Fito Plus,Almacen,Envasado de marca,2298.24,2991.36,23.2,1500
7798107990418,Jugo de Arandanos c/ Stevia,Fito Plus,x1.5 lts Fito Plus,Almacen,Envasado de marca,2298.24,2991.36,23.2,1500
7798438830070,Jugo de Arandanos y Manzana,Sol y Fruta,x1L Sin Gluten Sol y Fruta,Almacen,Envasado de marca,2696.40,3509.60,23.2,1000
37798018850185,Levadura Natural Levex,Levex,Caja x25 sobres,Almacen,Caja o envase múltiple,24807.60,31009.50,20.0,
7798018850184,Levadura Natural Levex,Levex,Unidad x2 sobres,Almacen,Caja o envase múltiple,1273.58,1273.58,0.0,
7798142261313,Levadura Nutricional,Dean Funes,x100gr-DEAN FUNES,Almacen,Envasado de marca,1431.36,1863.04,23.2,100
77981477206933,Maiz Inflado Azucarado Bolson,Toc Toc,x5kg Toc Toc,Almacen,Bolsón o caja de 5 kg o más,17892.00,23288.00,23.2,5000
7798147720709,Maiz Inflado Diet Bolson,Toc Toc,x3kg Toc Toc,Almacen,Bolsón o caja de 5 kg o más,16506.00,21484.00,23.2,3000
314151,Mani Japones queso,Sin marca / fraccionado,x1 Kilo,Almacen,Fraccionado,4447.80,5789.20,23.2,1000
7794767006865,Mermelada Diet Frutilla Sin Gluten,Ceral,x410g Ceral,Almacen,Envasado de marca,6665.40,8675.60,23.2,410
7794767000252,Mermelada Diet Frutos del Bosque Sin Gluten,Ceral,x410gr Ceral,Almacen,Envasado de marca,6769.98,8811.72,23.2,410
7798107990340,Mermelada Diet de Arandanos,Fito Plus,x410gr Fito Plus,Almacen,Envasado de marca,2910.60,3788.40,23.2,410
7798107990364,Mermelada Diet de Frutillas,Fito Plus,x410gr Fito Plus,Almacen,Envasado de marca,2910.60,3788.40,23.2,410
8000000445,Mermelada Frutilla Light c/Stevia,Picco,x450gr Sin Gluten Picco,Almacen,Envasado de marca,6804.00,8856.00,23.2,450
8000000446,Mermelada Manzana Light c/Stevia,Picco,x450gr Sin Gluten Picco,Almacen,Envasado de marca,6804.00,8856.00,23.2,450
8000000447,Mermelada Membrillo Light c/Stevia,Picco,x450gr Sin Gluten Picco,Almacen,Envasado de marca,6804.00,8856.00,23.2,450
7798380830300,Mermelada de Arandano con stevia,Kony,x360 Grs Kony,Almacen,Envasado de marca,6272.28,8163.92,23.2,360
7798382830294,Mermelada de Durazno con stevia,Kony,x360 Grs Kony,Almacen,Envasado de marca,4186.98,5449.72,23.2,360
7798382830287,Mermelada de Frutilla con stevia,Kony,x360 Grs Kony,Almacen,Envasado de marca,4552.38,5925.32,23.2,360
7798161290219,Miel Multifloral,Battus,x500gr Battus,Almacen,Envasado de marca,4183.20,5444.80,23.2,500
541212,Miel Organica  Mistol,Sin marca / fraccionado,sin tacc x 480 gs,Almacen,Fraccionado,4788.00,6232.00,23.2,480
467546078,Miel Organica Algarrobo,Sin marca / fraccionado,x1Kilo Sin Tacc,Almacen,Fraccionado,7812.00,10168.00,23.2,1000
779805119008,Miel Organica Algarrobo,Sin marca / fraccionado,Sin  tacc x 480gr.,Almacen,Fraccionado,4788.00,6232.00,23.2,480
965898,Miel Organica Chanar,Sin marca / fraccionado,sin tacc x 480 gr,Almacen,Fraccionado,4788.00,6232.00,23.2,480
MF,Miel Organica Multifloral,Sin marca / fraccionado,sin TACC x 480 gr,Almacen,Fraccionado,4788.00,6232.00,23.2,480
7798051190029,Miel Organica Multifloral,Sin marca / fraccionado,x1Kilo Sin tacc,Almacen,Fraccionado,7812.00,10168.00,23.2,1000
96584677,Miel nectar de monte,Sin marca / fraccionado,x 1kg,Almacen,Fraccionado,6552.00,8528.00,23.2,1000
96584678,Miel nectar de monte,Sin marca / fraccionado,x 500gr,Almacen,Fraccionado,4473.00,5822.00,23.2,500
8874541258,Modelife Espirulina + vit C y E,Modelife,Blister x 10 comp,Almacen,Caja o envase múltiple,2795.40,2795.40,0.0,
7798171732365,Nachos de Maiz y Chia,Nuestros Sabores,x80gr Nuestros Sabores,Almacen,Envasado de marca,1477.98,1923.72,23.2,80
7798174260605,Pasta Fusilli High Protein Sin Gluten,Legume,x284gr Legume,Almacen,Envasado de marca,3780.00,4920.00,23.2,284
7798174260599,Pasta Fusilli de Arveja Sin Gluten,Legume,x284gr Legume,Almacen,Envasado de marca,3087.00,4018.00,23.2,284
7798174260575,Pasta Fusilli de Garbanzo Sin Gluten,Legume,x284gr Legume,Almacen,Envasado de marca,3087.00,4018.00,23.2,284
7798174261107,Pasta Fusilli de Kale y Spirulina Sin Gluten,Legume,x284gr Legume,Almacen,Envasado de marca,3087.00,4018.00,23.2,284
7798174260582,Pasta Fusilli de Lenteja Sin Gluten,Legume,x284gr Legume,Almacen,Envasado de marca,4032.00,5248.00,23.2,284
7798174260964,Pasta Fusilli de Poroto Colorado Sin Gluten,Legume,x284gr Legume,Almacen,Envasado de marca,3087.00,4018.00,23.2,284
7798174260957,Pasta Fusilli de Poroto Negro Sin Gluten,Legume,x284gr Legume,Almacen,Envasado de marca,3087.00,4018.00,23.2,284
7798174261091,Pasta Fusilli de Quinoa y Chia Sin Gluten,Legume,x284gr Legume,Almacen,Envasado de marca,3087.00,4018.00,23.2,284
0763571861110,Pasta Laminada Al Huevo Sin Gluten,El Colono,x300gr El Colono,Almacen,Envasado de marca,2610.72,3398.08,23.2,300
0763571861172,Pasta Laminada Espinaca Sin Gluten,El Colono,x300gr El Colono,Almacen,Envasado de marca,2610.72,3398.08,23.2,300
0763571861141,Pasta Laminada Morron Sin Gluten,El Colono,x300gr El Colono,Almacen,Envasado de marca,2610.72,3398.08,23.2,300
736684208738,Pasta de Mani Crocante,Entrenuts,x370gr Entrenuts Sin Tacc Vegano,Almacen,Envasado de marca,2926.98,3809.72,23.2,370
736684208707,Pasta de Mani Natural,Entrenuts,x370gr Entrenuts Sin Tacc Vegano,Almacen,Envasado de marca,2926.98,3809.72,23.2,370
7798446310144,Pasta de Mani Natural x1kg,Entrenuts,EntreNuts Sin Gluten,Almacen,Envasado de marca,6231.96,8111.44,23.2,1000
7798446310090,Pasta de Mani Proteica Cookies and Cream,Entrenuts,x370gr Entrenuts Sin Gluten,Almacen,Envasado de marca,4194.54,5459.56,23.2,370
7798446310083,Pasta de Mani Proteica Salted Caramel,Entrenuts,x370gr EntreNuts Sin Gluten,Almacen,Envasado de marca,4194.54,5459.56,23.2,370
736684208714,Pasta de Mani con Cacao,Entrenuts,x370gr Entrenuts Sin Tacc Vegano,Almacen,Envasado de marca,2926.98,3809.72,23.2,370
736684208721,Pasta de Mani con Coco,Entrenuts,x370gr Entrenuts Sin Tacc Vegano,Almacen,Envasado de marca,2926.98,3809.72,23.2,370
656750783924,Pasta de Mani con Stevia,Entrenuts,x370gr Entrenuts Sin Tacc Vegano,Almacen,Envasado de marca,2926.98,3809.72,23.2,370
7798151953520,Pasta de mani Natural King,King,Pote x 1 Kilogramo,Almacen,Envasado de marca,5908.14,7689.96,23.2,1000
7798151952332,Pasta de mani natural,King,X 485 grs KING,Almacen,Envasado de marca,3282.30,4272.20,23.2,485
77981284001251,Pepas Integrales Arandanos c/ Chia,Zelfa,x180gr Zelfa,Almacen,Envasado de marca,3199.14,4163.96,23.2,180
7798128400019,Pepas Integrales Arandanos c/ Chia,Zelfa,x1kg Zelfa,Almacen,Envasado de marca,10027.08,13051.12,23.2,1000
7897707509652,Pepas Integrales Frutilla c/ Chia,Zelfa,x1kg Zelfa,Almacen,Envasado de marca,10027.08,13051.12,23.2,1000
7798128400125,Pepas Integrales Frutilla c/ Chia,Zelfa,x180gr Zelfa,Almacen,Envasado de marca,3199.14,4163.96,23.2,180
7798128400033,Pepas Integrales Frutos del Bosque c/ Chia,Zelfa,x1kg Zelfa,Almacen,Envasado de marca,10027.08,13051.12,23.2,1000
779812840012511,Pepas Integrales Frutos del Bosque c/ Chia,Zelfa,x180gr  Zelfa,Almacen,Envasado de marca,3199.14,4163.96,23.2,180
7798128400101,Pepas Integrales Veganas Arandanos,Zelfa,x180gr Zelfa,Almacen,Envasado de marca,3877.02,5046.28,23.2,180
7798139010221,Pickles Mixtos en vinagre,Famiglia Gullo,x330 Grs Famiglia Gullo,Almacen,Envasado de marca,4239.90,5518.60,23.2,330
7798139010580,Pimientos Agridulces,Famiglia Gullo,x330 Grs Famiglia Gullo,Almacen,Envasado de marca,7489.44,9748.16,23.2,330
89,Plata Coloidal Liquida,Sin marca / fraccionado,x 100 ml. Secretis nature,Almacen,Fraccionado,8190.00,10660.00,23.2,100
7798051190020,Polen (envase vidrio),Sin marca / fraccionado,x100 Grs sin tacc,Almacen,Fraccionado,6552.00,8528.00,23.2,100
7793323024893,Rebozador de Arroz Sin Gluten,Dicomere,x450gr Dicomere,Almacen,Envasado de marca,2299.50,2993.00,23.2,450
110000,Sahumerio Artesanal doble Empaste AMBAR,Sin marca / fraccionado,Sobre x10 Unidades,Almacen,Caja o envase múltiple,882.00,1050.00,16.0,
586624,Sahumerio Artesanal doble Empaste CITRONELA,Sin marca / fraccionado,Sobre x 5 unidades,Almacen,Caja o envase múltiple,882.00,1050.00,16.0,
110002,Sahumerio Artesanal doble Empaste FRUTILLA,Sin marca / fraccionado,Sobre x10 Unidades,Almacen,Caja o envase múltiple,882.00,1050.00,16.0,
110001,Sahumerio Artesanal doble Empaste INCIENSO,Sin marca / fraccionado,Sobre x10 Unidades,Almacen,Caja o envase múltiple,882.00,1050.00,16.0,
110010,Sahumerio Artesanal doble Empaste JAZMIN,Sin marca / fraccionado,Sobre x10 Unidades,Almacen,Caja o envase múltiple,882.00,1050.00,16.0,
110012,Sahumerio Artesanal doble Empaste LAVANDA,Sin marca / fraccionado,Sobre x10 Unidades,Almacen,Caja o envase múltiple,882.00,1050.00,16.0,
110011,Sahumerio Artesanal doble Empaste LIMON,Sin marca / fraccionado,Sobre x10 Unidades,Almacen,Caja o envase múltiple,882.00,1050.00,16.0,
110003,Sahumerio Artesanal doble Empaste MIRRA,Sin marca / fraccionado,Sobre x10 Unidades,Almacen,Caja o envase múltiple,882.00,1050.00,16.0,
110013,Sahumerio Artesanal doble Empaste PALO SANTO,Sin marca / fraccionado,Sobre x10 Unidades,Almacen,Caja o envase múltiple,882.00,1050.00,16.0,
110014,Sahumerio Artesanal doble Empaste REINA DE LA NOCHE,Sin marca / fraccionado,Sobre x10 Unidades,Almacen,Caja o envase múltiple,882.00,1050.00,16.0,
110009,Sahumerio Artesanal doble Empaste RUDA,Sin marca / fraccionado,Sobre x10 Unidades,Almacen,Caja o envase múltiple,882.00,1050.00,16.0,
110005,Sahumerio Artesanal doble Empaste SANDALO DULCE,Sin marca / fraccionado,Sobre x10 Unidades,Almacen,Caja o envase múltiple,882.00,1050.00,16.0,
110006,Sahumerio Artesanal doble Empaste SANDALO HINDU,Sin marca / fraccionado,Sobre x10 Unidades,Almacen,Caja o envase múltiple,882.00,1050.00,16.0,
110008,Sahumerio Artesanal doble Empaste VAINILLA,Sin marca / fraccionado,Sobre x10 Unidades,Almacen,Caja o envase múltiple,882.00,1050.00,16.0,
23232,Sal Rosada del Himalaya,Sin marca / fraccionado,x1kg Fraccionada,Almacen,Fraccionado,2998.80,3903.20,23.2,1000
33618,Sal Rosada del Himalaya,Sin marca / fraccionado,x500gr Fraccionada,Almacen,Fraccionado,1814.40,2361.60,23.2,500
3656256,Sal Rosada del Himalaya,Sin marca / fraccionado,Bolson x25 Kilos,Almacen,Bolsón o caja de 5 kg o más,63945.00,83230.00,23.2,25000
7796666352821,Sal con Curry,Makia,x250g Makia,Almacen,Envasado de marca,1890.00,2460.00,23.2,250
7796666352814,Sal con Paprika,Makia,x250g Makia,Almacen,Envasado de marca,1890.00,2460.00,23.2,250
7796666352708,Sal y especias,Makia,x 250 gs Makia,Almacen,Envasado de marca,1764.00,2296.00,23.2,250
7796666352722,Sal y especias ahumada,Makia,x 250 gs Makia,Almacen,Envasado de marca,2142.00,2788.00,23.2,250
7796666352715,Sal y finas Hierbas,Makia,x 250 gr Makia,Almacen,Envasado de marca,1890.00,2460.00,23.2,250
7798041280026,Salsa de Soja,Sakanashi,x 450ml Sakanashi,Almacen,Envasado de marca,6174.00,8036.00,23.2,450
6000,Salvado de Avena,Sin marca / fraccionado,x1kg,Almacen,Fraccionado,2183.58,2842.12,23.2,1000
522054,Semilla Chia Premium,Sin marca / fraccionado,x500gr,Almacen,Fraccionado,4082.40,5313.60,23.2,500
00000011,Semilla Chia Premium,Sin marca / fraccionado,x1kg,Almacen,Fraccionado,7534.80,9807.20,23.2,1000
800000000158,Semilla Lino,Sin marca / fraccionado,x500gr,Almacen,Fraccionado,1953.00,2542.00,23.2,500
77981422625689,Semilla Quinoa Boliviana,Sin marca / fraccionado,x 1Kg Fraccionada,Almacen,Fraccionado,7824.60,10184.40,23.2,1000
7796666352784,Siete Especias S/Sal,Makia,x120gr-MAKIA,Almacen,Envasado de marca,2142.00,2788.00,23.2,120
87874569,Sorgo Inflado Azucarado,Timon Cruz,x500gr Timon Cruz,Almacen,Envasado de marca,3540.60,4608.40,23.2,500
7798382830027,Stevia Clasica Liquida,Kony,x200ml Kony,Almacen,Envasado de marca,3777.48,4916.72,23.2,200
7798382830010,Stevia Clasica Liquida,Kony,x100ml Kony,Almacen,Envasado de marca,2583.00,3362.00,23.2,100
7798382830034,Stevia Clasica Liquida,Kony,x500ml Kony,Almacen,Envasado de marca,7006.86,9120.04,23.2,500
7798382830102,Stevia Kony Life 100% stevia,Kony,x200ml Kony,Almacen,Envasado de marca,5159.70,6715.80,23.2,200
7798131740072,Stevia Liquida,Trever,x 200ml. Trever,Almacen,Envasado de marca,3787.56,4929.84,23.2,200
7798131740010,Stevia Liquida,Trever,x 100ml. Trever,Almacen,Envasado de marca,2144.52,2791.28,23.2,100
7798131740157,Stevia Liquida,Trever,x 500ml. Trever,Almacen,Envasado de marca,6303.78,8204.92,23.2,500
7798131740201,Stevia Premium sin Sucralosa,Trever,Trever X 500 ml sin tacc,Almacen,Envasado de marca,13286.70,17293.80,23.2,500
779813170195,Stevia Premium sin Sucralosa,Trever,Trever x200ml sin tacc,Almacen,Envasado de marca,7100.10,9241.40,23.2,200
7798382830041,Stevia en Polvo,Kony,x90gr Pote Kony,Almacen,Envasado de marca,4617.90,6010.60,23.2,90
21554,Stevia en hebras,Sin marca / fraccionado,x 250 Grs,Almacen,Fraccionado,8221.50,10701.00,23.2,250
14212,Stevia en polvo (fraccionada),Kony,x 500gr Kony,Almacen,Fraccionado,10870.02,14148.28,23.2,500
7792198006584,Te mezcla de hierbas,Hurlingham,Hurlingham x25 Saquitos,Almacen,Caja o envase múltiple,845.46,1100.44,23.2,
7792198006560,Te verde en saquitos,Hurlingham,Hurlingham x25 Saquitos,Almacen,Caja o envase múltiple,642.60,836.40,23.2,
7794903232851,Tirabuzon Arvejas Sin Gluten,Yuka,x250gr Yuka,Almacen,Envasado de marca,2026.08,2637.12,23.2,250
7794903232844,Tirabuzon Garbanzo Sin Gluten,Yuka,x250gr Yuka,Almacen,Envasado de marca,2026.08,2637.12,23.2,250
7794903232899,Tirabuzon Lenteja Sin Gluten,Yuka,x250gr Yuka,Almacen,Envasado de marca,2026.08,2637.12,23.2,250
7794903232905,Tirabuzon al Huevo Sin Gluten,Yuka,x250gr Yuka,Almacen,Envasado de marca,2026.08,2637.12,23.2,250
7798139011044,Tomate Triturado Sin Conservantes,Famiglia Gullo,Bot. x960grs Famiglia Gullo,Almacen,Envasado de marca,3181.50,4141.00,23.2,960
7798256470168,Tostada Mesa,Fermar,x 180gr FERMAR,Almacen,Envasado de marca,1039.50,1353.00,23.2,180
7794767789355,Tostadas Arroz Clasica,Ceral,x120gr Ceral,Almacen,Envasado de marca,1813.14,2359.96,23.2,120
7794767789379,Tostadas Arroz Dulce c/ Stevia,Ceral,x120gr Ceral,Almacen,Envasado de marca,1813.14,2359.96,23.2,120
7794767789362,Tostadas Arroz Sin Sal,Ceral,x120gr Ceral,Almacen,Envasado de marca,1813.14,2359.96,23.2,120
7798171733058,Tostaditas de arroz y lupino CEBOLLA Y CREMA,Nuestros Sabores,x50gr Nuestros Sabores,Almacen,Envasado de marca,851.76,1108.64,23.2,50
7798171733065,Tostaditas de arroz y lupino PAN Y MANTECA,Nuestros Sabores,x50gr Nuestros Sabores,Almacen,Envasado de marca,851.76,1108.64,23.2,50
7798171733164,Tostaditas de arroz y lupino PROVOLETA,Nuestros Sabores,x50gr Nuestros Sabores,Almacen,Envasado de marca,851.76,1108.64,23.2,50
7798171733034,"Tostaditas de arroz y lupino TOMATE, LIMA Y CILANTRO",Nuestros Sabores,x50gr Nuestros Sabores,Almacen,Envasado de marca,851.76,1108.64,23.2,50
2525255,Valeriana,Sin marca / fraccionado,x 250gr Fraccionada,Almacen,Fraccionado,12879.72,16764.08,23.2,250
531230123,Vegetanesa Berenjena,Vegetanesa,Aderezo a base de Berenjena,Almacen,Envasado de marca,3002.58,3908.12,23.2,
531230,Vegetanesa Garbanzos,Vegetanesa,Aderezo a base de Garbanzo,Almacen,Envasado de marca,3002.58,3908.12,23.2,
531230122,Vegetanesa Lentejas,Vegetanesa,Aderezo a base de Lentejas,Almacen,Envasado de marca,3002.58,3908.12,23.2,
5312300,Vegetanesa Remolacha,Vegetanesa,Aderezo a base de Remolacha,Almacen,Envasado de marca,3002.58,3908.12,23.2,
5312301,Vegetanesa Zanahoria,Vegetanesa,Aderezo a base de Zanahoria,Almacen,Envasado de marca,3002.58,3908.12,23.2,
7798139012287,Vinagre de Manzana,Famiglia Gullo,x250ml Famiglia Gullo,Almacen,Envasado de marca,4151.70,5403.80,23.2,250
7798139012294,Vinagre de Manzana,Famiglia Gullo,x500ml Famiglia Gullo,Almacen,Envasado de marca,4977.00,6478.00,23.2,500
00017,Vitamina E,Modelife,x30 comp. Modelife,Almacen,Caja o envase múltiple,9261.00,12054.00,23.2,
7798333321970,Yogucream Almendra y Frutilla,Pampa Vida,x1L Sin Gluten Pampa Vida,Almacen,Envasado de marca,4359.60,5674.40,23.2,1000
7798139010504,Zapallos en almibar,Famiglia Gullo,x330 Grs Famiglia Gullo,Almacen,Envasado de marca,7723.80,10053.20,23.2,330
167625,caramelo duro mentol y propoleos,Sin marca / fraccionado,x unidad,Almacen,Unidad suelta,144.00,144.00,0.0,
25412,Boldo,Sin marca / fraccionado,x 250 gr,"Café, yerba e infusiones",Fraccionado,4064.76,5290.64,23.2,250
22541,Burrito,Sin marca / fraccionado,x 250 gr,"Café, yerba e infusiones",Fraccionado,3882.06,5052.84,23.2,250
19181717,Cacao Amargo No Alcalino,Tipsy,x750gr Tipsy,"Café, yerba e infusiones",Envasado de marca,19530.00,25420.00,23.2,750
8242,Cascarilla de Cacao,Sin marca / fraccionado,x500g Fraccionado,"Café, yerba e infusiones",Fraccionado,3225.60,4096.00,21.3,500
8243,Cascarilla de Cacao,Sin marca / fraccionado,x250g Fraccionado,"Café, yerba e infusiones",Fraccionado,1927.80,2448.00,21.3,250
1782,Cedron,Sin marca / fraccionado,x 250 gr,"Café, yerba e infusiones",Fraccionado,6850.62,8916.68,23.2,250
7799658742562,Cedron,Sin marca / fraccionado,x 100 gr,"Café, yerba e infusiones",Fraccionado,3087.00,4018.00,23.2,100
1477,Cola de Caballo,Sin marca / fraccionado,x 250 gr,"Café, yerba e infusiones",Fraccionado,2695.14,3507.96,23.2,250
21151,Congorosa,Sin marca / fraccionado,x250g Fraccionada,"Café, yerba e infusiones",Fraccionado,2920.68,3801.52,23.2,250
25144,Diente de Leon,Sin marca / fraccionado,x 250 gr,"Café, yerba e infusiones",Fraccionado,3425.94,4459.16,23.2,250
800000000212,Diente de Leon,Sin marca / fraccionado,x100 Grs,"Café, yerba e infusiones",Fraccionado,1810.62,2356.68,23.2,100
251547,Graviola,Sin marca / fraccionado,x 250 gr,"Café, yerba e infusiones",Fraccionado,7170.66,9333.24,23.2,250
83621,Hibiscus,Sin marca / fraccionado,x 500gr,"Café, yerba e infusiones",Fraccionado,9765.00,12710.00,23.2,500
652541,Hibiscus,Sin marca / fraccionado,x 250gr,"Café, yerba e infusiones",Fraccionado,4882.50,6355.00,23.2,250
147147,Lavanda,Sin marca / fraccionado,x 250 gr,"Café, yerba e infusiones",Fraccionado,10276.56,13375.84,23.2,250
800000000209,Lavanda,Sin marca / fraccionado,x100 Grs,"Café, yerba e infusiones",Fraccionado,4552.38,5925.32,23.2,100
3225,Manzanilla,Sin marca / fraccionado,x 250 gr,"Café, yerba e infusiones",Fraccionado,10048.50,13079.00,23.2,250
7792198005341,Mate Cocido,Natura,x 50 saquitos. Sin Tacc. Natura,"Café, yerba e infusiones",Caja o envase múltiple,1323.00,1722.00,23.2,
7792198006638,Mate Cocido,Natura,x 25 saquitos. Sin tacc. Natura,"Café, yerba e infusiones",Caja o envase múltiple,676.62,880.68,23.2,
7795568960745,Mate Cocido Convencional Ensobrado,Tucangua,x25unid Tucangua Sin Gluten,"Café, yerba e infusiones",Caja o envase múltiple,1348.20,1754.80,23.2,
7795568000533,Mate Cocido Organico Ensobrado,Tucangua,x25unid Tucangua Sin Gluten,"Café, yerba e infusiones",Caja o envase múltiple,1929.06,2510.84,23.2,
7795568000571,Mate Cocido en Saquitos,Tucangua,x25unid. Tucangua,"Café, yerba e infusiones",Caja o envase múltiple,1137.78,1480.92,23.2,
1425,Menta,Sin marca / fraccionado,x 250 gr,"Café, yerba e infusiones",Fraccionado,3015.18,3924.52,23.2,250
3261,Moringa,Sin marca / fraccionado,x 250 gr,"Café, yerba e infusiones",Fraccionado,5023.62,6538.68,23.2,250
19574,Ortiga,Sin marca / fraccionado,x100gr Fraccionado,"Café, yerba e infusiones",Fraccionado,1481.76,1928.64,23.2,100
19575,Ortiga,Sin marca / fraccionado,x250gr Fraccionada,"Café, yerba e infusiones",Fraccionado,2603.16,3388.24,23.2,250
2514,Pasionaria,Sin marca / fraccionado,x 250 gr,"Café, yerba e infusiones",Fraccionado,3108.42,4045.88,23.2,250
254811,Peperina,Sin marca / fraccionado,x 250 gr,"Café, yerba e infusiones",Fraccionado,10505.88,13674.32,23.2,250
38001,Regaliz,Sin marca / fraccionado,x250g Fraccionada,"Café, yerba e infusiones",Fraccionado,5983.74,7788.36,23.2,250
7251,Salvia Blanca,Sin marca / fraccionado,x250g Fraccionada,"Café, yerba e infusiones",Fraccionado,2512.44,3270.16,23.2,250
7795568000076,Te Negro Ensobrado,Tucangua,x25unid Tucangua,"Café, yerba e infusiones",Caja o envase múltiple,1156.68,1505.52,23.2,
7795568960615,Te Negro Organico,Tucangua,x25sobres-TUCANGUA,"Café, yerba e infusiones",Caja o envase múltiple,1779.12,2315.68,23.2,
7792198006652,Te Negro Seleccion,Hurlingham,x25 saq. Hurlingham Sin Gluten,"Café, yerba e infusiones",Caja o envase múltiple,548.10,713.40,23.2,
7795568960097,Te Negro en Saquito,Tucangua,x25unid TUCANGUA,"Café, yerba e infusiones",Caja o envase múltiple,795.06,1034.84,23.2,
7795568960639,Te Rojo Organico,Tucangua,x25sobres-TUCANGUA,"Café, yerba e infusiones",Caja o envase múltiple,1814.40,2361.60,23.2,
7795568960738,Te Rojo Saquitos,Tucangua,x25u Tucangua Sin Gluten,"Café, yerba e infusiones",Caja o envase múltiple,801.36,1043.04,23.2,
7795568960752,Te Rojo en hebras (fraccionado),Sin marca / fraccionado,x 500 grs,"Café, yerba e infusiones",Fraccionado,1764.00,2296.00,23.2,500
800000000156,Te Rojo en hebras (fraccionado),Sin marca / fraccionado,x 100 gr,"Café, yerba e infusiones",Fraccionado,747.18,972.52,23.2,100
800000000157,Te Verde en hebras (fraccionado),Sin marca / fraccionado,x 100 grs,"Café, yerba e infusiones",Fraccionado,667.80,869.20,23.2,100
7792198006607,Te de Boldo,Hurlingham,Hurlingham x25 Saquitos,"Café, yerba e infusiones",Caja o envase múltiple,1039.50,1353.00,23.2,
7792198006591,Te de Manzanilla Seleccion,Hurlingham,x 25 saquitos. Hurlingham,"Café, yerba e infusiones",Caja o envase múltiple,635.04,826.56,23.2,
7795568960134,Te negro en hebras (fraccionado),Sin marca / fraccionado,x 500 gr.,"Café, yerba e infusiones",Fraccionado,1764.00,2296.00,23.2,500
7795568960776,Te negro en hebras (fraccionado),Sin marca / fraccionado,x 100 grs,"Café, yerba e infusiones",Fraccionado,667.80,869.20,23.2,100
60769,Te verde en hebras (fraccionado),Sin marca / fraccionado,x 500 grs,"Café, yerba e infusiones",Fraccionado,1764.00,2296.00,23.2,500
7792198006645,Yerba Mate Hierbas Serranas,Natura,x 500 Grs Natura,"Café, yerba e infusiones",Envasado de marca,1297.80,1689.20,23.2,500
7792198005280,Yerba Mate Naranja,Natura,x 500gr. Sin Tacc. Natura,"Café, yerba e infusiones",Envasado de marca,1673.28,2177.92,23.2,500
7792198000315,Yerba Mate Seleccion Especial,Natura,x 500gr. Sin Tacc. Natura,"Café, yerba e infusiones",Envasado de marca,3284.82,4275.48,23.2,500
7792198006621,Yerba Mate Suave,Natura,x 500gr. Sin Tacc. Natura,"Café, yerba e infusiones",Envasado de marca,1569.96,2043.44,23.2,500
7792198006669,Yerba Mate Suave,Natura,x 1kg. Sin Tacc. Natura,"Café, yerba e infusiones",Envasado de marca,2998.80,3903.20,23.2,1000
631911809125,Yerba Mate c/ Guarana Vitaminas Acai,Naturgy Pro,x500gr Naturgy Pro,"Café, yerba e infusiones",Envasado de marca,10752.84,13995.76,23.2,500
631911809132,Yerba Mate c/ Vit C Proteina Colageno,Naturgy Pro,x500gr Naturgy Pro,"Café, yerba e infusiones",Envasado de marca,10752.84,13995.76,23.2,500
7795568960240,Yerba Suave Amarilla,Tucangua,x1kg Tucangua Sin Gluten,"Café, yerba e infusiones",Envasado de marca,4174.38,5433.32,23.2,1000
7795568950029,Yerba Suave Amarilla,Tucangua,x500gr Tucangua Sin Gluten,"Café, yerba e infusiones",Envasado de marca,2315.88,3014.32,23.2,500
78996,Yerba Tradicional x1kg,Sin marca / fraccionado,Fraccionada,"Café, yerba e infusiones",Fraccionado,2898.00,3772.00,23.2,1000
1001,Yerba Tucangua Kraft,Tucangua,x2kg Sin Gluten TUCANGUA,"Café, yerba e infusiones",Envasado de marca,8381.52,10909.28,23.2,2000
1002,Yerba Tucangua Kraft,Tucangua,x5kg Sin Gluten TUCANGUA,"Café, yerba e infusiones",Bolsón o caja de 5 kg o más,18711.00,24354.00,23.2,5000
1003,Yerba Tucangua Kraft,Tucangua,x10kg Sin GlutenTUCANGUA,"Café, yerba e infusiones",Bolsón o caja de 5 kg o más,35343.00,46002.00,23.2,10000
7795568960257,Yerba Tucangua Organica,Tucangua,x1kg Sin Gluten,"Café, yerba e infusiones",Envasado de marca,7270.20,9462.80,23.2,1000
78995,Yerba tradicional x500gr,Sin marca / fraccionado,Fraccionada,"Café, yerba e infusiones",Fraccionado,1512.00,1968.00,23.2,500
802,Almohadita de Frutilla,Granix,x 1kg Granix,Cereales y granolas,Envasado de marca,11017.44,14340.16,23.2,1000
902,Almohadita de Frutilla,Granix,x 500gr Granix,Cereales y granolas,Envasado de marca,5823.72,7580.08,23.2,500
72207,Almohadita de Frutilla,Granix,x 2kg Granix,Cereales y granolas,Envasado de marca,21152.88,27532.32,23.2,2000
5654668,Anillos Frutales,Granix,x500Gr Granix,Cereales y granolas,Envasado de marca,4350.78,5662.92,23.2,500
147258369,Anillos frutales,Granix,"x 2,5 Kg Granix",Cereales y granolas,Envasado de marca,19073.88,24826.32,23.2,2500
09080709,Anillos frutales,Granix,x1 Kilo Granix,Cereales y granolas,Envasado de marca,8070.30,10504.20,23.2,1000
895626,Arroz Inflado Dulce,Sin marca / fraccionado,"x2,5kg Fraccionado",Cereales y granolas,Fraccionado,18805.50,24477.00,23.2,2500
36252,Avena Gruesa,Sin marca / fraccionado,x 2kg Fraccionada,Cereales y granolas,Fraccionado,3800.16,4946.24,23.2,2000
655444,Bolitas de Chocolate,Granix,x 1kg Granix,Cereales y granolas,Envasado de marca,8871.66,11547.24,23.2,1000
655445,Bolitas de Chocolate,Granix,x 500gr Granix,Cereales y granolas,Envasado de marca,4750.20,6182.80,23.2,500
9015,Copos Azucarados,CerealCoop,x 500gr Fraccionado CerealCoop,Cereales y granolas,Fraccionado,1855.98,2415.72,23.2,500
779005001234,Copos Azucarados,CerealCoop,x 1kg Fraccionado CerealCoop,Cereales y granolas,Fraccionado,3080.70,4009.80,23.2,1000
7791019171654,Copos Azucarados Bolson,CerealCoop,x 4Kg CerealCoop,Cereales y granolas,Bolsón o caja de 5 kg o más,10560.06,13744.84,23.2,4000
9016,Copos Naturales,CerealCoop,x 500gr Fraccionado CerealCoop,Cereales y granolas,Fraccionado,1709.82,2225.48,23.2,500
8790045001232,Copos Naturales,CerealCoop,x 1kg Fraccionado CerealCoop,Cereales y granolas,Fraccionado,2789.64,3630.96,23.2,1000
7791019000701,Copos Naturales Bolson,CerealCoop,x 3kg CerealCoop,Cereales y granolas,Bolsón o caja de 5 kg o más,7043.40,9167.60,23.2,3000
1900,Fibra Total,Granix,x 500gr Granix,Cereales y granolas,Envasado de marca,3957.66,5151.24,23.2,500
956610,Granola Crocante c/ Pasas,Satvika,x1Kg Satvika,Cereales y granolas,Envasado de marca,6955.20,9052.80,23.2,1000
00200102,Granola Fruit Energy  con arandanos,Monarca,x 500gr Monarca,Cereales y granolas,Envasado de marca,4537.26,5905.64,23.2,500
0727370983345,Granola Keto con frutos secos y pasta de mani,Monarca,x 500gr Monarca,Cereales y granolas,Envasado de marca,8666.28,11279.92,23.2,500
0727373098334,Granola Keto con frutos secos y pasta de mani,Monarca,x 1kg Monarca,Cereales y granolas,Envasado de marca,17262.00,22468.00,23.2,1000
0727373098181,Granola Omega 3-6,Monarca,x 1kg Monarca,Cereales y granolas,Envasado de marca,7063.56,9193.84,23.2,1000
0727373098198,Granola Omega 3-6,Monarca,x 500gr Monarca,Cereales y granolas,Envasado de marca,3655.26,4757.64,23.2,500
0727373098204,Granola Peanut butter Pasta de mani,Monarca,x 500gr Monarca,Cereales y granolas,Envasado de marca,3638.88,4736.32,23.2,500
0727373098143,"Granola Premium con nueces, castanas, almendras",Monarca,x 1kg Monarca,Cereales y granolas,Envasado de marca,14973.84,19489.76,23.2,1000
0727373098150,"Granola Premium con nueces, castanas, almendras",Monarca,x 500gr Monarca,Cereales y granolas,Envasado de marca,7174.44,9338.16,23.2,500
1122583364,Granola Proteica Olympic,Olympic,x1 Kilogramo,Cereales y granolas,Envasado de marca,14868.00,19352.00,23.2,1000
95669,Granola Tropical,Satvika,x1Kg Satvika,Cereales y granolas,Envasado de marca,8114.40,10561.60,23.2,1000
0727373098273,"Granola Ultra Protein, Con Wheyn Protein",Monarca,x 500gr Monarca,Cereales y granolas,Envasado de marca,7344.54,9559.56,23.2,500
0727373098266,Granola Ultra Protein. Con Whey Protein,Monarca,x 1kg Monarca,Cereales y granolas,Envasado de marca,14193.90,18474.60,23.2,1000
95668,Granola c/ Pasta de Mani,Satvika,x1Kg Satvika,Cereales y granolas,Envasado de marca,6955.20,9052.80,23.2,1000
000700102,Granola con Cacao Power,Monarca,x 1kg Monarca,Cereales y granolas,Envasado de marca,8778.42,11425.88,23.2,1000
0727373098228,Granola con Cacao Power,Monarca,x 500gr Monarca,Cereales y granolas,Envasado de marca,4542.30,5912.20,23.2,500
512312,Maiz Inflado Azucarado,Sin marca / fraccionado,x500g Fraccionado,Cereales y granolas,Fraccionado,2394.00,3116.00,23.2,500
787879,Maiz Inflado Azucarado Bolson,Super Z,x5kg Super Z,Cereales y granolas,Bolsón o caja de 5 kg o más,19530.00,25420.00,23.2,5000
7798180700539,Maiz Inflado Azucarado Bolson Sin Gluten,Timon Cruz,x5kg Timon Cruz,Cereales y granolas,Bolsón o caja de 5 kg o más,20916.00,27224.00,23.2,5000
787878,Maiz Inflado Con Miel Bolson,Super Z,x5kg Super Z,Cereales y granolas,Bolsón o caja de 5 kg o más,27909.00,36326.00,23.2,5000
78180700546,Maiz Inflado Diet Bolson,Super Z,x3kg Super Z,Cereales y granolas,Bolsón o caja de 5 kg o más,20254.50,26363.00,23.2,3000
7798180700546,Maiz Inflado Diet Bolson Sin Gluten,Timon Cruz,x3kg Timon Cruz,Cereales y granolas,Bolsón o caja de 5 kg o más,20916.00,27224.00,23.2,3000
7878978,Maiz Inflado con Miel,Super Z,x500gr Super Z,Cereales y granolas,Envasado de marca,3231.90,4206.60,23.2,500
895632,Maiz Inflado con edulcorante,Sin marca / fraccionado,x 1kg Fraccionado,Cereales y granolas,Fraccionado,7192.08,9361.12,23.2,1000
7798180700324,Maiz inflado azucarado Sin TACC,Timon Cruz,x80g Timon Cruz,Cereales y granolas,Envasado de marca,630.00,820.00,23.2,80
895631,Maiz inflado con edulcorante,Sin marca / fraccionado,x 250gr Fraccionado,Cereales y granolas,Fraccionado,2129.40,2771.60,23.2,250
7798180700355,Maiz inflado dietetico SIN TACC,Timon Cruz,X 80 gr. Timon Cruz,Cereales y granolas,Envasado de marca,849.24,1105.36,23.2,80
665431,Quinoa Pop,Sin marca / fraccionado,Fraccionada x 250 Grs,Cereales y granolas,Fraccionado,2167.20,2820.80,23.2,250
1231212,Quinoa Pop Bolson,Sin marca / fraccionado,x 3kg Sin TACC,Cereales y granolas,Bolsón o caja de 5 kg o más,20708.10,26953.40,23.2,3000
7790495005774,Quinoa Pop C/ Arandanos Sin Gluten,Yin Yang,x80g Yin Yang,Cereales y granolas,Envasado de marca,1030.68,1341.52,23.2,80
7790495003404,Quinoa Pop Clasica Sin Gluten,Yin Yang,x80gr Yin Yang,Cereales y granolas,Envasado de marca,876.96,1141.44,23.2,80
7790495001004,Quinoa Pop c/Algarroba Sin Gluten,Yin Yang,x80gr Yin Yang,Cereales y granolas,Envasado de marca,952.56,1239.84,23.2,80
87878,Sorgo Inflado Azucarado Bolson,Timon Cruz,x5kg Timon Cruz,Cereales y granolas,Bolsón o caja de 5 kg o más,30997.26,40345.64,23.2,5000
7798180700348,Sorgo inflado azucarado SIN TACC,Timon Cruz,X 80 gr. Timon Cruz,Cereales y granolas,Envasado de marca,768.60,1000.40,23.2,80
7797897003025,Chocolate al 55% s/azucar Amargo Sin TACC,El Colonial,CAJA x 10 tabletas. El Colonial,Chocolates,Caja o envase múltiple,25697.70,33447.80,23.2,
7797897003001,Chocolate al 55% sin azucar x unidad,El Colonial,100gr. Sin t.a.c.c. El Colonial,Chocolates,Envasado de marca,3060.00,3468.00,11.8,100
7797897000079,Chocolate al 60% Amargo  Organico sin t.a.c.c.,El Colonial,CAJA x 10 tabletas.- El Colonial,Chocolates,Caja o envase múltiple,30870.00,40180.00,23.2,
7797897002929,Chocolate al 60% Amargo Organico X UNIDAD.,El Colonial,100gr. Sin TACC El colonial,Chocolates,Envasado de marca,3675.00,4165.00,11.8,100
7797897003216,Chocolate al 70% Amargo Organico. Sin t.a.c.c,El Colonial,CAJA x 10 tabletas. El Colonial,Chocolates,Caja o envase múltiple,33494.58,43596.12,23.2,
7797897002936,Chocolate al 70% amargo organico. X UNIDAD,El Colonial,100gr. Sin t.a.c.c. El colonial.,Chocolates,Envasado de marca,3988.50,4520.30,11.8,100
7797897003186,Chocolate al 70% c/stevia. X UNIDAD,El Colonial,100gr. Sin t.a.c.c. El colonial.,Chocolates,Envasado de marca,3255.00,3689.00,11.8,100
7797897002943,Chocolate al 80% x unidad,El Colonial,100gr. Sin t.a.c.c. El colonial.,Chocolates,Envasado de marca,4296.00,4868.80,11.8,100
7797897003223,Chocolate al 80%. Amargo Organico Sin t.a.c.c,El Colonial,CAJA x 10 tabletas. El Colonial,Chocolates,Caja o envase múltiple,36078.84,46959.76,23.2,
7797897003056,Chocolate para Taza Semiamargo Sin TACC,El Colonial,CAJA x 10 tabletas. El Colonial,Chocolates,Caja o envase múltiple,19372.50,25215.00,23.2,
7797897002837,Chocolate para Taza Semiamargo X UNIDAD,El Colonial,x100g Sin TACC El colonial.,Chocolates,Envasado de marca,2307.00,2614.60,11.8,100
793969115877,Acelga,Delicias Argentinas,x900gr Congelada Delicias Argentinas,Congelados,Unidad suelta,6376.75,6376.75,0.0,900
764451932753,Anana en trozos,Delicias Argentinas,x1kg Congelado Delicias Argentinas,Congelados,Unidad suelta,14614.20,14614.20,0.0,1000
793969115891,Cebolla cortada,Delicias Argentinas,x1kg Congelado Delicias Argentinas,Congelados,Unidad suelta,5863.20,5863.20,0.0,1000
764451932760,Durazno en trozos,Delicias Argentinas,x1kg Congelado Delicias Argentinas,Congelados,Unidad suelta,9964.75,9964.75,0.0,1000
423423,Empanadas Arabes Veganas,Hesai,x2 unidades Hesai,Congelados,Caja o envase múltiple,3150.00,4100.00,23.2,
8000000426,Flan con Caramelo Sin Lactosa,Frulatti,x180Grs Sin Gluten Frulatti,Congelados,Envasado de marca,2086.56,2715.84,23.2,180
0636266680139,Hamburguesa Arroz Yamani c/Calabaza al Curry,Hesai,x4 unid. Congelado Hesai,Congelados,Caja o envase múltiple,3471.30,4518.20,23.2,
636266680122,Hamburguesa Garbanzo c/Calabaza y Pimienta Negra,Hesai,x4 unid. Congelado. Hesai.,Congelados,Caja o envase múltiple,3471.30,4518.20,23.2,
636266680146,Hamburguesa Lenteja c/Calabaza,Hesai,x4 unid. Congelado Hesai,Congelados,Caja o envase múltiple,3471.30,4518.20,23.2,
636266680153,Hamburguesa Mijo c/Espinaca,Hesai,x4 unid. Congelado. Hesai.,Congelados,Caja o envase múltiple,3471.30,4518.20,23.2,
0636266680115,Hamburguesa Mijo c/Remolacha y Cebolla Caramelizada,Hesai,x4 unid. Congelado Hesai,Congelados,Caja o envase múltiple,3471.30,4518.20,23.2,
636266679690,Hamburguesas de Girgolas Calabaza Verdeo,Hesai,x4 unid Congelados. Hesai.,Congelados,Caja o envase múltiple,6114.78,7958.92,23.2,
8000000442,Kefir de Agua sab. Arandanos,Frulatti,x500CC Frulatti,Congelados,Envasado de marca,2782.08,3621.12,23.2,500
8000000423,Kefir de Agua sab. Arandanos,Frulatti,x1L Frulatti,Congelados,Envasado de marca,4520.88,5884.32,23.2,1000
8000000443,Kefir de Agua sab. Frutilla,Frulatti,x500CC Frulatti,Congelados,Envasado de marca,2782.08,3621.12,23.2,500
8000000424,Kefir de Agua sab. Frutilla,Frulatti,x1L Frulatti,Congelados,Envasado de marca,4520.88,5884.32,23.2,1000
8000000444,Kefir de Agua sab. Manzana,Frulatti,x500ml Frulatti,Congelados,Envasado de marca,2782.08,3621.12,23.2,500
8000000425,Kefir de Agua sab. Manzana,Frulatti,x1L Frulatti,Congelados,Envasado de marca,4520.88,5884.32,23.2,1000
636266679751,Milanesa rellena Aceituna y Queso,Hesai,x4 unid. Congelado. Hesai.,Congelados,Caja o envase múltiple,5484.78,7138.92,23.2,
0764451287709,Milanesa rellena Brocoli y Queso Azul,Hesai,x4 unid. Congelado. Hesai.,Congelados,Caja o envase múltiple,5484.78,7138.92,23.2,
636266679737,Milanesa rellena Cebolla y Queso,Hesai,x4 unid. Congelado. Hesai.,Congelados,Caja o envase múltiple,5484.78,7138.92,23.2,
636266679911,Milanesa rellena Cuatro Quesos,Hesai,x4 unid. Congelado. Hesai.,Congelados,Caja o envase múltiple,5484.78,7138.92,23.2,
636266679768,Milanesa rellena Hongos y Queso,Hesai,x4 unid. Congelado. Hesai.,Congelados,Caja o envase múltiple,5484.78,7138.92,23.2,
636266679775,Milanesa rellena Queso,Hesai,x4 unid. Congelado. Hesai.,Congelados,Caja o envase múltiple,5484.78,7138.92,23.2,
0764451287716,Milanesa rellena Queso Ciruela y Puerro,Hesai,x4 unid. Congelado. Hesai.,Congelados,Caja o envase múltiple,5484.78,7138.92,23.2,
636266679782,Milanesa rellena Queso y Espinaca,Hesai,x4 unid. Congelado. Hesai.,Congelados,Caja o envase múltiple,5484.78,7138.92,23.2,
636266679799,Milanesa rellena Tomate y Queso,Hesai,x4 unid. Congelado. Hesai.,Congelados,Caja o envase múltiple,5484.78,7138.92,23.2,
636266679812,Milanesa rellena Vegetales,Hesai,x4 unid. Congelado. Hesai.,Congelados,Caja o envase múltiple,4249.98,5531.72,23.2,
0636266679805,Milanesas rellenas Queso Vegano,Hesai,x4 unid. Congelado. Hesai.,Congelados,Caja o envase múltiple,4249.98,5531.72,23.2,
0636266679713,Mini pre pizzas integrales con salsa de tomate.,Hesai,x 12 unidades. Congelados. Hesai,Congelados,Caja o envase múltiple,2585.52,3365.28,23.2,
764451930746,Palta en Cubos,Delicias Argentinas,x1kg Congelado Delicias Argentinas,Congelados,Unidad suelta,23249.55,23249.55,0.0,1000
32321512,Pizza Cuatro Quesos Masa Madre Integral,Hesai,x220gr Hesai,Congelados,Envasado de marca,4969.44,6468.16,23.2,220
32321511,Pizza Mozzarella Masa Madre Integral,Hesai,x200g Hesai,Congelados,Envasado de marca,4823.28,6277.92,23.2,200
764451287686,Pizza Tomate Masa Madre Integral,Hesai,x200gr Hesai,Congelados,Envasado de marca,4823.28,6277.92,23.2,200
636266679874,Pre pizza integral cebolla y semillas. 2 un,Hesai,220 gr  Congelado. Hesai.,Congelados,Envasado de marca,1911.42,2487.88,23.2,220
8000000410,Yogur Bebible Sin Lactosa Frutilla,Frulatti,x310CC Sin Gluten Frulatti,Congelados,Envasado de marca,2955.96,3847.44,23.2,310
8000000411,Yogur Bebible Sin Lactosa Frutos Rojos,Frulatti,x310CC Sin Gluten Frulatti,Congelados,Envasado de marca,2955.96,3847.44,23.2,310
8000000413,Yogur Bebible Sin Lactosa Natural,Frulatti,x310CC Sin Gluten Frulatti,Congelados,Envasado de marca,2955.96,3847.44,23.2,310
8000000414,Yogur Bebible Sin Lactosa Natural con Stevia,Frulatti,x310CC Sin Gluten Frulatti,Congelados,Envasado de marca,2955.96,3847.44,23.2,310
8000000407,Yogur Bebible Sin Lactosa sab. Anana,Frulatti,x310CC Sin Gluten Frulatti,Congelados,Envasado de marca,2955.96,3847.44,23.2,310
8000000412,Yogur Bebible Sin Lactosa sab. Arandanos,Frulatti,x310CC Sin Gluten Frulatti,Congelados,Envasado de marca,2955.96,3847.44,23.2,310
8000000408,Yogur Bebible Sin Lactosa sab. Durazno,Frulatti,x310CC Sin Gluten Frulatti,Congelados,Envasado de marca,2955.96,3847.44,23.2,310
8000000409,Yogur Bebible Sin Lactosa sab. Maracuya,Frulatti,x310CC Sin Gluten Frulatti,Congelados,Envasado de marca,2955.96,3847.44,23.2,310
8000000421,Yogur Botella Natural,Frulatti,x960Grs Sin Gluten Frulatti,Congelados,Envasado de marca,7302.96,9505.44,23.2,960
8000000422,Yogur Botella Natural con Stevia,Frulatti,x960Grs Sin Gluten Frulatti,Congelados,Envasado de marca,7302.96,9505.44,23.2,960
8000000417,Yogur Botella Sin Lactado sab. Maracuya,Frulatti,x960Grs Sin Gluten Frulatti,Congelados,Envasado de marca,7302.96,9505.44,23.2,960
8000000415,Yogur Botella Sin Lactosa sab. Anana,Frulatti,x960Grs Sin Gluten Frulatti,Congelados,Envasado de marca,7302.96,9505.44,23.2,960
8000000420,Yogur Botella Sin Lactosa sab. Arandanos,Frulatti,x960Grs Sin Gluten Frulatti,Congelados,Envasado de marca,7302.96,9505.44,23.2,960
8000000416,Yogur Botella Sin Lactosa sab. Durazno,Frulatti,x960Grs Sin Gluten Frulatti,Congelados,Envasado de marca,7302.96,9505.44,23.2,960
8000000418,Yogur Botella Sin Lactosa sab. Frutilla,Frulatti,x960Grs Sin Gluten Frulatti,Congelados,Envasado de marca,7302.96,9505.44,23.2,960
8000000419,Yogur Botella Sin Lactosa sab. Frutos Rojos,Frulatti,x960Grs Sin Gluten Frulatti,Congelados,Envasado de marca,7302.96,9505.44,23.2,960
8000000406,Yogur Firme Deslactosado Natural,Frulatti,x200Grs Sin Gluten Frulatti,Congelados,Envasado de marca,2086.56,2715.84,23.2,200
8000000405,Yogur Firme Deslactosado sab. Arandanos,Frulatti,x200Grs Sin Gluten Frulatti,Congelados,Envasado de marca,2086.56,2715.84,23.2,200
8000000401,Yogur Firme Deslactosado sab. Durazno,Frulatti,x200Grs Sin Gluten Frulatti,Congelados,Envasado de marca,2086.56,2715.84,23.2,200
8000000403,Yogur Firme Deslactosado sab. Frutilla,Frulatti,x200Grs Sin Gluten Frulatti,Congelados,Envasado de marca,2086.56,2715.84,23.2,200
8000000404,Yogur Firme Deslactosado sab. Frutos Rojos,Frulatti,x200Grs Sin Gluten Frulatti,Congelados,Envasado de marca,2086.56,2715.84,23.2,200
8000000402,Yogur Firme Deslactosado sab. Maracuya,Frulatti,x200Grs Sin Gluten Frulatti,Congelados,Envasado de marca,2086.56,2715.84,23.2,200
8000000430,Yogur Griego Sin Lactosa Natural,Frulatti,x1Kg Sin Gluten Frulatti,Congelados,Envasado de marca,15649.20,20368.80,23.2,1000
8000000432,Yogur Griego Sin Lactosa Natural,Frulatti,x250Grs Sin Gluten Frulatti,Congelados,Envasado de marca,4520.88,5884.32,23.2,250
8000000431,Yogur Griego Sin Lactosa Natural con Stevia,Frulatti,x1Kg Sin Gluten Frulatti,Congelados,Envasado de marca,15649.20,20368.80,23.2,1000
8000000433,Yogur Griego Sin Lactosa Natural con Stevia,Frulatti,x250Grs Sin Gluten Frulatti,Congelados,Envasado de marca,4520.88,5884.32,23.2,250
8000000434,Yogur Proteico Sin Lactosa Natural con Stevia,Frulatti,x310Grs Frulatti (20 Gr de proteina),Congelados,Envasado de marca,4520.88,5884.32,23.2,310
7798142260064,Aji Molido Premium,Dean Funes,x1kg Dean Funes,Especias,Envasado de marca,6899.76,8980.64,23.2,1000
7798142260095,Aji Molido Suave,Dean Funes,x100gr-DEAN FUNES,Especias,Envasado de marca,869.40,1131.60,23.2,100
7798142260125,Aji Molido Suave,Dean Funes,x1kg-DEAN FUNES,Especias,Envasado de marca,5047.56,6569.84,23.2,1000
7798142268022,Ajo Granulado Blanco,Dean Funes,x100gr Dean Funes,Especias,Envasado de marca,1838.34,2392.76,23.2,100
7798142268084,Ajo Granulado Blanco,Dean Funes,x1kg Dean Funes,Especias,Envasado de marca,15324.12,19945.68,23.2,1000
7798142260224,Ajo en Polvo,Dean Funes,x1kg Dean Funes,Especias,Envasado de marca,6526.80,8495.20,23.2,1000
7798142260194,Ajo en Polvo,Dean Funes,x100gr-DEAN FUNES,Especias,Envasado de marca,884.52,1151.28,23.2,100
7798142260262,Albahaca,Dean Funes,x500gr-DEAN FUNES,Especias,Envasado de marca,4499.46,5856.44,23.2,500
7798142260248,Albahaca,Dean Funes,x100gr-DEAN FUNES,Especias,Envasado de marca,1669.50,2173.00,23.2,100
7798142260279,Albahaca,Dean Funes,x1kg-DEAN FUNES,Especias,Envasado de marca,8242.92,10728.88,23.2,1000
7798142260309,Anis en Grano,Dean Funes,x100gr-DEAN FUNES,Especias,Envasado de marca,1707.30,2222.20,23.2,100
7798142260330,Anis en Grano,Dean Funes,x500gr-DEAN FUNES,Especias,Envasado de marca,7131.60,9282.40,23.2,500
3248046600007,Azafran blister x 2 capsulas,Ruedo,x 20 mg c/u Ruedo,Especias,Caja o envase múltiple,5269.32,6858.48,23.2,
7798142269609,Azucar Negra,Dean Funes,x1kg-DEAN FUNES,Especias,Envasado de marca,2145.78,2792.92,23.2,1000
7798142260361,Bicarbonato de Sodio,Dean Funes,x100gr Dean Funes,Especias,Envasado de marca,526.68,685.52,23.2,100
7798142261603,Canela Molida,Dean Funes,x1kg Dean Funes,Especias,Envasado de marca,9695.70,12619.80,23.2,1000
7798142260484,Canela Molida,Dean Funes,x80gr Dean Funes,Especias,Envasado de marca,1197.00,1558.00,23.2,80
7798142260569,Cebolla Escama,Dean Funes,x100gr Dean Funes,Especias,Envasado de marca,1493.10,1943.40,23.2,100
7798142260576,Cebolla Escama,Dean Funes,x1kg Dean Funes,Especias,Envasado de marca,11869.20,15448.80,23.2,1000
2313436435,Cebolla Molida,Dean Funes,x 500gr DEAN FUNES,Especias,Envasado de marca,6312.60,8216.40,23.2,500
7798142268367,Cebolla Molida,Dean Funes,x1kg Dean Funes,Especias,Envasado de marca,11869.20,15448.80,23.2,1000
7798142260606,Chimichurri,Dean Funes,x100gr-DEAN FUNES,Especias,Envasado de marca,696.78,906.92,23.2,100
7798142260637,Chimichurri,Dean Funes,x1kg-DEAN FUNES,Especias,Envasado de marca,5014.80,6527.20,23.2,1000
7798142260698,Clavo Olor Entero,Dean Funes,x100gr-DEAN FUNES,Especias,Envasado de marca,5535.18,7204.52,23.2,100
7798142260750,Clavo Olor Molido,Dean Funes,x1kg-DEAN FUNES,Especias,Envasado de marca,6509.16,8472.24,23.2,1000
779814226073698,Clavo Olor Molido,Dean Funes,x100gr-DEAN FUNES,Especias,Envasado de marca,961.38,1251.32,23.2,100
7798142260736,Clavo Olor Molido,Dean Funes,x500gr-DEAN FUNES,Especias,Envasado de marca,3521.70,4583.80,23.2,500
7798142260842,Comino Molido,Dean Funes,x100gr Dean Funes,Especias,Envasado de marca,808.92,1052.88,23.2,100
7798142260873,Comino Molido,Dean Funes,x1kg Dean Funes,Especias,Envasado de marca,5884.20,7658.80,23.2,1000
7798142261085,Condimento Arroz,Dean Funes,x100gr-DEAN FUNES,Especias,Envasado de marca,549.36,715.04,23.2,100
7798142261115,Condimento Arroz,Dean Funes,x1kg-DEAN FUNES,Especias,Envasado de marca,3990.42,5193.88,23.2,1000
7798142265748,Condimento Ave,Dean Funes,x500gr-DEAN FUNES,Especias,Envasado de marca,5235.30,6814.20,23.2,500
7798142265724,Condimento Ave,Dean Funes,x100gr-DEAN FUNES,Especias,Envasado de marca,1184.40,1541.60,23.2,100
7798142261023,Condimento Carne,Dean Funes,x100gr-DEAN FUNES,Especias,Envasado de marca,1350.72,1758.08,23.2,100
789,Condimento Empanada,Dean Funes,x1kg-DEAN FUNES,Especias,Envasado de marca,4605.30,5994.20,23.2,1000
7798142260934,Condimento Empanadas,Dean Funes,x500gr-DEAN FUNES,Especias,Envasado de marca,2623.32,3414.48,23.2,500
7798142260903,Condimento Empanadas,Dean Funes,x100gr-DEAN FUNES,Especias,Envasado de marca,595.98,775.72,23.2,100
7798142260996,Condimento Hamb.,Dean Funes,x1kg-DEAN FUNES,Especias,Envasado de marca,3394.44,4418.16,23.2,1000
7798142260989,Condimento Hamb.,Dean Funes,x500gr-DEAN FUNES,Especias,Envasado de marca,3010.14,3917.96,23.2,500
7798142265786,Condimento Pescado,Dean Funes,x100gr-DEAN FUNES,Especias,Envasado de marca,1020.60,1328.40,23.2,100
7798142261146,Condimento Pizza,Dean Funes,x100gr-DEAN FUNES,Especias,Envasado de marca,618.66,805.24,23.2,100
7798142261177,Condimento Pizza,Dean Funes,x1kg-DEAN FUNES,Especias,Envasado de marca,4097.52,5333.28,23.2,1000
1029,Coreandro Molido,Dean Funes,x100gr DEAN FUNES,Especias,Envasado de marca,541.80,705.20,23.2,100
7798142261207,Curcuma Molida,Dean Funes,x 100gr DEAN FUNES,Especias,Envasado de marca,721.98,939.72,23.2,100
7798142261238,Curcuma Molida,Dean Funes,x 1kg DEAN FUNES,Especias,Envasado de marca,5218.92,6792.88,23.2,1000
12121212,Curry rojo,Sin marca / fraccionado,x500gr DEAN FUNS,Especias,Fraccionado,2273.04,2958.56,23.2,500
7798142265878,Curry rojo,Dean Funes,x1kg-DEAN FUNES,Especias,Envasado de marca,3790.08,4933.12,23.2,1000
7798142265847,Curry rojo,Dean Funes,x100gr-DEAN FUNES,Especias,Envasado de marca,598.50,779.00,23.2,100
7798142261290,Especias Surtidas,Dean Funes,x1kg Dean Funes,Especias,Envasado de marca,2727.90,3550.60,23.2,1000
779814226593945,Estragon,Dean Funes,x 100gr DEAN FUNES,Especias,Envasado de marca,1716.12,2233.68,23.2,100
7798142265939,Estragon,Dean Funes,x 500gr DEAN FUNES,Especias,Envasado de marca,5372.64,6992.96,23.2,500
7798142267414,Finas Hierbas,Dean Funes,x1kg Dean Funes,Especias,Envasado de marca,9502.92,12368.88,23.2,1000
7798142261672,Finas Hierbas,Dean Funes,x100gr-DEAN FUNES,Especias,Envasado de marca,1261.26,1641.64,23.2,100
7798142266592,Integral Milanesa,Dean Funes,x1kg Dean Funes,Especias,Envasado de marca,7161.84,9321.76,23.2,1000
7798142266110,Jengibre Molido,Dean Funes,x 1kg DEAN FUNES,Especias,Envasado de marca,9516.78,12386.92,23.2,1000
77981422661100,Jengibre Molido,Dean Funes,x 100gr DEAN FUNES,Especias,Envasado de marca,1455.30,1894.20,23.2,100
7798142261368,Laurel Hojas,Dean Funes,x100gr Dean Funes,Especias,Envasado de marca,2765.70,3599.80,23.2,100
96336964169,Manzanilla,Sin marca / fraccionado,x100gr,Especias,Fraccionado,4460.40,5805.60,23.2,100
96369641236,Manzanilla,Sin marca / fraccionado,x500gr,Especias,Fraccionado,20097.00,26158.00,23.2,500
3248046600021,Mix Patagonico Ahumado con Molinillo,Ruedo,x90gr Ruedo,Especias,Envasado de marca,5045.04,6566.56,23.2,90
3248046600069,Mix Pimientas Grano con Molinillo,Ruedo,x90gr Ruedo,Especias,Envasado de marca,6505.38,8467.32,23.2,90
7798142261542,Mostaza Molida,Dean Funes,x100gr Dean Funes,Especias,Envasado de marca,790.02,1028.28,23.2,100
77981422616585,Nuez Moscada Entera,Dean Funes,x100gr-DEAN FUNES,Especias,Envasado de marca,5746.86,7480.04,23.2,100
7798142261597,Nuez Moscada Entera,Dean Funes,x50gr-DEAN FUNES,Especias,Envasado de marca,2914.38,3793.32,23.2,50
23134364377,Nuez Moscada Molida,Dean Funes,x1kg-DEAN FUNES,Especias,Envasado de marca,11232.90,14620.60,23.2,1000
7798142261627,Nuez Moscada Molida,Dean Funes,x100gr DEAN FUNES,Especias,Envasado de marca,1631.70,2123.80,23.2,100
7798142261641,Nuez Moscada Molida,Dean Funes,x500gr-DEAN FUNES,Especias,Envasado de marca,5945.94,7739.16,23.2,500
779814226171923,Oregano,Dean Funes,x100gr-DEAN FUNES,Especias,Envasado de marca,714.42,929.88,23.2,100
7798142261719,Oregano,Dean Funes,x1kg-DEAN FUNES,Especias,Envasado de marca,4077.36,5307.04,23.2,1000
7798142261894,Paprika,Dean Funes,x1kg Dean Funes,Especias,Envasado de marca,4977.00,6478.00,23.2,1000
7798142261849,Paprika,Dean Funes,x100gr Dean Funes,Especias,Envasado de marca,766.08,997.12,23.2,100
7798142269074,Peperina,Sin marca / fraccionado,x100gr,Especias,Fraccionado,4580.10,5961.40,23.2,100
7798142261006,Perejil,Dean Funes,x 100gr DEAN FUNES,Especias,Envasado de marca,904.68,1177.52,23.2,100
7798142262013,Perejil,Dean Funes,x 1kg DEAN FUNES,Especias,Envasado de marca,6632.64,8632.96,23.2,1000
7798142261955,Pesto,Dean Funes,x500gr-DEAN FUNES,Especias,Envasado de marca,3190.32,4152.48,23.2,500
7798142262075,Pimenton,Dean Funes,x1kg-DEAN FUNES,Especias,Envasado de marca,3778.74,4918.36,23.2,1000
7798142262044,Pimenton,Dean Funes,x100gr-DEAN FUNES,Especias,Envasado de marca,579.60,754.40,23.2,100
54536,Pimenton Ahumado,Dean Funes,x 1kg DEAN FUNES,Especias,Envasado de marca,9790.20,12742.80,23.2,1000
7798142262105,Pimenton Ahumado,Dean Funes,x 100gr DEAN FUNES,Especias,Envasado de marca,1247.40,1623.60,23.2,100
7798142269081,Pimenton Extra,Dean Funes,x1kg Dean Funes,Especias,Envasado de marca,6375.60,8298.40,23.2,1000
15252,Pimienta Blanca Grano,Dean Funes,x 1kg DEAN FUNES,Especias,Envasado de marca,51494.94,67025.16,23.2,1000
7798142262143,Pimienta Blanca Grano,Dean Funes,x100gr Dean Funes,Especias,Envasado de marca,5241.60,6822.40,23.2,100
7798142262181,Pimienta Blanca Grano,Dean Funes,x 500gr DEAN FUNES,Especias,Envasado de marca,25877.88,33682.32,23.2,500
7798142262242,Pimienta Blanca Molida,Dean Funes,x 500gr DEAN FUNES,Especias,Envasado de marca,7702.38,10025.32,23.2,500
7798142262259,Pimienta Blanca Molida,Dean Funes,x 1kg DEAN FUNES,Especias,Envasado de marca,12752.46,16598.44,23.2,1000
7798142262228,Pimienta Blanca Molida,Dean Funes,x 100gr DEAN FUNES,Especias,Envasado de marca,1512.00,1968.00,23.2,100
16584531,Pimienta Mix Grano,Dean Funes,x100gr-DEAN FUNES,Especias,Envasado de marca,6350.40,8265.60,23.2,100
7798142268992,Pimienta Mix Grano,Dean Funes,x500gr-DEAN FUNES,Especias,Envasado de marca,25396.56,33055.84,23.2,500
7798142262310,Pimienta Negra Grano,Dean Funes,x1kg Dean Funes,Especias,Envasado de marca,28665.00,37310.00,23.2,1000
7798142262280,Pimienta Negra Grano,Dean Funes,x100gr Dean Funes,Especias,Envasado de marca,2988.72,3890.08,23.2,100
7798142262372321,Pimienta Negra Molida,Dean Funes,x 100gr DEAN FUNES,Especias,Envasado de marca,819.00,1066.00,23.2,100
7798142262372,Pimienta Negra Molida,Dean Funes,x 1kg DEAN FUNES,Especias,Envasado de marca,6165.18,8024.52,23.2,1000
7798142262402,Polvo de Hornear,Dean Funes,x100gr Dean Funes,Especias,Envasado de marca,647.64,842.96,23.2,100
7798142262464,Provenzal,Dean Funes,x 100gr DEAN FUNES,Especias,Envasado de marca,665.28,865.92,23.2,100
7798142262495,Provenzal,Dean Funes,x 1kg DEAN FUNES,Especias,Envasado de marca,4765.32,6202.48,23.2,1000
7798142262525,Romero,Dean Funes,x100gr Dean Funes,Especias,Envasado de marca,1426.32,1856.48,23.2,100
7798142262556,Romero,Dean Funes,x1kg Dean Funes,Especias,Envasado de marca,9487.80,12349.20,23.2,1000
7793323002976,Sal Diet Sin Sodio Sin Gluten,Dicomere,x70gr Salusin Dicomere,Especias,Envasado de marca,2798.46,3642.44,23.2,70
7793323003461,Sal Diet baja en sodio Carnes Rojas,Dicomere,x70g sin tacc Salusin - Dicomere,Especias,Envasado de marca,2268.00,2952.00,23.2,70
7793323003454,Sal Diet baja en sodio Finas Hierbas,Dicomere,x70g sin tacc Salusin - Dicomere,Especias,Envasado de marca,2318.40,3017.60,23.2,70
1213131,Sal Marina Fina Sin Gluten,Dicomere,x450gr Dicomere,Especias,Envasado de marca,1600.20,2082.80,23.2,450
771,Sal Marina Fina yodada,Sin marca / fraccionado,x1Kg fraccionada,Especias,Fraccionado,2743.02,3570.28,23.2,1000
7793323004529,Sal Marina Gruesa Sin Gluten,Dicomere,x450gr Dicomere,Especias,Envasado de marca,1461.60,1902.40,23.2,450
773,Sal Marina Gruesa yodada,Sin marca / fraccionado,x1kg Fraccionada,Especias,Fraccionado,2743.02,3570.28,23.2,1000
774,Sal Marina Gruesa yodada,Sin marca / fraccionado,x500gr Fraccionada,Especias,Fraccionado,1685.88,2194.32,23.2,500
3248046600106,Sal del Himalaya Gruesa con Molinillo,Ruedo,x200gr Ruedo,Especias,Envasado de marca,5045.04,6566.56,23.2,200
7798142269005,Salvado de Trigo,Dean Funes,x 1kg DEAN FUNES,Especias,Envasado de marca,1197.00,1558.00,23.2,1000
530,Semilla Alpiste,Dean Funes,x100 Grs-DEAN FUNES,Especias,Envasado de marca,471.24,613.36,23.2,100
3297,Semillas Mijo Pelado,Sin marca / fraccionado,x1kg Dean funes,Especias,Fraccionado,4667.04,6074.56,23.2,1000
3794,Semillas Mijo Pelado,Sin marca / fraccionado,x500g Dean funes,Especias,Fraccionado,2711.52,3529.28,23.2,500
7798142262679,Tomillo,Dean Funes,x1kg Dean Funes,Especias,Envasado de marca,9880.92,12860.88,23.2,1000
7798142262662,Tomillo,Dean Funes,x500gr Dean Funes,Especias,Envasado de marca,5557.86,7234.04,23.2,500
002546,Banana Chips,Sin marca / fraccionado,x500gr.,Frutas desecadas,Fraccionado,7339.50,9320.00,21.3,500
37555801,Banana chip,Sin marca / fraccionado,Caja x 6.8 Kg,Frutas desecadas,Bolsón o caja de 5 kg o más,92534.40,117504.00,21.3,6800
526521277,Ciruelas Sin Carozo,Sin marca / fraccionado,x1kg Fraccionada,Frutas desecadas,Fraccionado,9513.00,12382.00,23.2,1000
5486541523,Ciruelas Sin Carozo,Sin marca / fraccionado,x500g Fraccionada,Frutas desecadas,Fraccionado,5071.50,6601.00,23.2,500
531,Ciruelas Sin Carozo Caja,Sin marca / fraccionado,x 5kilos,Frutas desecadas,Bolsón o caja de 5 kg o más,45360.00,59040.00,23.2,5000
7798142260811,Coco Rallado medium fat,Sin marca / fraccionado,x1kg Fraccionado,Frutas desecadas,Fraccionado,6867.00,8938.00,23.2,1000
7798142260804,Coco Rallado medium fat,Sin marca / fraccionado,x500gr Fraccionado,Frutas desecadas,Fraccionado,3748.50,4879.00,23.2,500
35612,Coco rallado medium fat,Sin marca / fraccionado,x 100 gr Fraccionado,Frutas desecadas,Fraccionado,1071.00,1394.00,23.2,100
5006,Datiles con carozo,Sin marca / fraccionado,x1kg.,Frutas desecadas,Fraccionado,6489.00,8446.00,23.2,1000
800000000120,Datiles con carozo,Sin marca / fraccionado,x250 Grs,Frutas desecadas,Fraccionado,2032.38,2645.32,23.2,250
0111,Datiles con carozo Caja,Sin marca / fraccionado,x5kg,Frutas desecadas,Bolsón o caja de 5 kg o más,30240.00,39360.00,23.2,5000
6950213,Durazno Medallon,Sin marca / fraccionado,x 250gr Fraccionado,Frutas desecadas,Fraccionado,3874.50,5043.00,23.2,250
6950214,Durazno Medallon,Sin marca / fraccionado,x 500gr Fraccionado,Frutas desecadas,Fraccionado,7119.00,9266.00,23.2,500
123032,Durazno Medallon Caja,Sin marca / fraccionado,x 5 kilos,Frutas desecadas,Bolsón o caja de 5 kg o más,66780.00,86920.00,23.2,5000
800000000160,Higos Grandes,Sin marca / fraccionado,x500 Grs,Frutas desecadas,Fraccionado,5607.00,7298.00,23.2,500
59807444,Higos Grandes Caja,Sin marca / fraccionado,x5Kg,Frutas desecadas,Bolsón o caja de 5 kg o más,51660.00,67240.00,23.2,5000
6543268,Pasas Rubias sin semillas,Sin marca / fraccionado,x 1 kilo,Frutas desecadas,Fraccionado,9261.00,12054.00,23.2,1000
7643289,Pasas Rubias sin semillas,Sin marca / fraccionado,x500gr,Frutas desecadas,Fraccionado,4945.50,6437.00,23.2,500
37555805,Pasas Rubias sin semillas,Sin marca / fraccionado,x 10 Kilos,Frutas desecadas,Bolsón o caja de 5 kg o más,88200.00,114800.00,23.2,10000
536,Pasas de uva Sin Semillas,Sin marca / fraccionado,x 10 kilos,Frutas desecadas,Bolsón o caja de 5 kg o más,47880.00,62320.00,23.2,10000
570,Pasas de uva sin semillas,Sin marca / fraccionado,x 1 kilo,Frutas desecadas,Fraccionado,5229.00,6806.00,23.2,1000
571,Pasas de uva sin semillas,Sin marca / fraccionado,x 1/2 kilo,Frutas desecadas,Fraccionado,2929.50,3813.00,23.2,500
363363,Peras Deshidratadas,Sin marca / fraccionado,x 5kg,Frutas desecadas,Bolsón o caja de 5 kg o más,57960.00,75440.00,23.2,5000
8524516,Peras Deshidratadas,Sin marca / fraccionado,x 250 Gs,Frutas desecadas,Fraccionado,3433.50,4469.00,23.2,250
8524517,Peras Deshidratadas,Sin marca / fraccionado,x 500 Gs,Frutas desecadas,Fraccionado,6237.00,8118.00,23.2,500
700,Almendras Non Pareil,Sin marca / fraccionado,x 1kg Fraccionada,Frutos secos y mix,Fraccionado,25893.00,33702.00,23.2,1000
702,Almendras Non Pareil,Sin marca / fraccionado,x 500gr Fraccionada,Frutos secos y mix,Fraccionado,13387.50,17425.00,23.2,500
50000000001,Banana Chips,Sin marca / fraccionado,x1kg.,Frutos secos y mix,Fraccionado,14049.00,17840.00,21.3,1000
7961597,Castanas Caju,Sin marca / fraccionado,x1k Fraccionada,Frutos secos y mix,Fraccionado,19593.00,25502.00,23.2,1000
982106546,Castanas Caju,Sin marca / fraccionado,x500g Fraccionada,Frutos secos y mix,Fraccionado,10111.50,13161.00,23.2,500
982106545,Castanas de Caju,Sin marca / fraccionado,x250gr Fraccionada,Frutos secos y mix,Fraccionado,5371.38,6991.32,23.2,250
37555802,Castanas de caju,Sin marca / fraccionado,"Caja x 22,680 K",Frutos secos y mix,Bolsón o caja de 5 kg o más,434367.36,565367.04,23.2,22680
54512315,Maiz frito saborizado,Sin marca / fraccionado,Bolson x 5kg,Frutos secos y mix,Bolsón o caja de 5 kg o más,55440.00,72160.00,23.2,5000
5001,Mani Con Sal,Sin marca / fraccionado,x500g Fraccionado,Frutos secos y mix,Fraccionado,2056.32,2676.48,23.2,500
215123,Mani Con Sal,Sin marca / fraccionado,x1kg Fraccionado,Frutos secos y mix,Fraccionado,3481.38,4531.32,23.2,1000
998632,Mani Con Sal,Sin marca / fraccionado,x3kg Fraccionado,Frutos secos y mix,Fraccionado,9122.40,11873.60,23.2,3000
415268,Mani Con Sal Bolson,Sin marca / fraccionado,x 25 Kg,Frutos secos y mix,Bolsón o caja de 5 kg o más,71820.00,93480.00,23.2,25000
5004,Mani Crudo,Sin marca / fraccionado,x 1kg Fraccionado,Frutos secos y mix,Fraccionado,3783.78,4924.92,23.2,1000
54454513,Mani Crudo,Sin marca / fraccionado,x 3 kilos,Frutos secos y mix,Fraccionado,10029.60,13054.40,23.2,3000
986659,Mani Crudo Bolson,Sin marca / fraccionado,x 25kg,Frutos secos y mix,Bolsón o caja de 5 kg o más,79380.00,103320.00,23.2,25000
532,Mani Sin Sal,Sin marca / fraccionado,x1kg Fraccionado,Frutos secos y mix,Fraccionado,3481.38,4531.32,23.2,1000
534,Mani Sin Sal,Sin marca / fraccionado,x500g Fraccionado,Frutos secos y mix,Fraccionado,2056.32,2676.48,23.2,500
695443,Mani Sin Sal,Sin marca / fraccionado,x3kg Fraccionado,Frutos secos y mix,Fraccionado,9122.40,11873.60,23.2,3000
5002,Mani japones Jamon,Sin marca / fraccionado,x 1 kilo,Frutos secos y mix,Fraccionado,4447.80,5789.20,23.2,1000
0000099,Mani japones Jamon,Sin marca / fraccionado,x500Grs,Frutos secos y mix,Fraccionado,2538.90,3304.60,23.2,500
5000,Mani japones Pizza,Sin marca / fraccionado,x 1 kilo,Frutos secos y mix,Fraccionado,4447.80,5789.20,23.2,1000
000098,Mani japones Pizza,Sin marca / fraccionado,x500 Grs,Frutos secos y mix,Fraccionado,2538.90,3304.60,23.2,500
32425262,Mani japones queso,Sin marca / fraccionado,x500Gr,Frutos secos y mix,Fraccionado,2538.90,3304.60,23.2,500
00000025,Mani sin Sal Bolson,Sin marca / fraccionado,x 25kg,Frutos secos y mix,Bolsón o caja de 5 kg o más,71820.00,93480.00,23.2,25000
800000000100,Mix Cervecero,Sin marca / fraccionado,x2.5 kg Fraccionado,Frutos secos y mix,Fraccionado,11340.00,14760.00,23.2,2500
5656564,Mix Clasico,Sin marca / fraccionado,x 1 kilo fraccionado,Frutos secos y mix,Fraccionado,10773.00,14022.00,23.2,1000
8053,Mix Clasico Sin Mani,Sin marca / fraccionado,x 1 kilo,Frutos secos y mix,Fraccionado,13167.00,17138.00,23.2,1000
163875,Mix Clasico Sin Mani,Sin marca / fraccionado,x 250 Grs,Frutos secos y mix,Fraccionado,3767.40,4903.60,23.2,250
654976,Mix Clasico Sin Mani,Sin marca / fraccionado,x 500 grs,Frutos secos y mix,Fraccionado,6898.50,8979.00,23.2,500
163876,Mix Clasico Sin Mani Bolson,Sin marca / fraccionado,x 5 kg,Frutos secos y mix,Bolsón o caja de 5 kg o más,63630.00,82820.00,23.2,5000
11111111,Mix Clasico bolson,Sin marca / fraccionado,x 5 kilos,Frutos secos y mix,Bolsón o caja de 5 kg o más,51660.00,67240.00,23.2,5000
1101,Mix Frutos Secos Bolson x 5 kilos,Sin marca / fraccionado,"almendra,nuez,mani,castanas",Frutos secos y mix,Bolsón o caja de 5 kg o más,63000.00,82000.00,23.2,5000
8052,Mix Frutos Secos x 1 kilo,Sin marca / fraccionado,"almendra,nuez,mani,castanas",Frutos secos y mix,Fraccionado,13041.00,16974.00,23.2,1000
1104,Mix Frutos Secos x 250 grs,Sin marca / fraccionado,"almendra,nuez,mani,castanas",Frutos secos y mix,Fraccionado,3732.12,4857.68,23.2,250
1102,Mix Frutos Secos x 500 grs,Sin marca / fraccionado,"almendra,nuez,mani,castanas",Frutos secos y mix,Fraccionado,6835.50,8897.00,23.2,500
5656563,Mix Tropical,Sin marca / fraccionado,x 1 kilo,Frutos secos y mix,Fraccionado,10773.00,14022.00,23.2,1000
321232,Mix Tropical Bolson,Sin marca / fraccionado,x 5 kilos,Frutos secos y mix,Bolsón o caja de 5 kg o más,51660.00,67240.00,23.2,5000
8054,Mix Tropical s/mani,Sin marca / fraccionado,x1 kilo,Frutos secos y mix,Fraccionado,13041.00,16974.00,23.2,1000
163877,Mix Tropical s/mani,Sin marca / fraccionado,Bolson x 5 kilo,Frutos secos y mix,Bolsón o caja de 5 kg o más,63000.00,82000.00,23.2,5000
163878,Mix Tropical s/mani,Sin marca / fraccionado,X 250 gs,Frutos secos y mix,Fraccionado,3735.90,4862.60,23.2,250
654977,Mix Tropical s/mani,Sin marca / fraccionado,x 500 gs,Frutos secos y mix,Fraccionado,6841.80,8905.20,23.2,500
65543,Mix cervecero,Sin marca / fraccionado,x 500 grs,Frutos secos y mix,Fraccionado,2715.30,3534.20,23.2,500
654854,Mix cervecero,Sin marca / fraccionado,x10kg,Frutos secos y mix,Bolsón o caja de 5 kg o más,43596.00,56744.00,23.2,10000
4544451,Mix cervecero,Sin marca / fraccionado,x 1 kilo,Frutos secos y mix,Fraccionado,4800.60,6248.40,23.2,1000
707,Nuez Mariposa Extra Light,Sin marca / fraccionado,x500g Fraccionada,Frutos secos y mix,Fraccionado,8473.50,11029.00,23.2,500
709,Nuez Mariposa Extra Light Bolson,Sin marca / fraccionado,x 5 kilos,Frutos secos y mix,Bolsón o caja de 5 kg o más,79380.00,103320.00,23.2,5000
706,Nuez Mariposa Extra light,Sin marca / fraccionado,x 1kg Fraccionada,Frutos secos y mix,Fraccionado,16317.00,21238.00,23.2,1000
234152,Pistacho salado con cascara,Sin marca / fraccionado,x 500 grs,Frutos secos y mix,Fraccionado,18711.00,24354.00,23.2,500
564122,Pistacho salado con cascara,Sin marca / fraccionado,x 250 Grs,Frutos secos y mix,Fraccionado,9702.00,12628.00,23.2,250
37555806,Pistacho salado con cascara,Sin marca / fraccionado,x 5Kg,Frutos secos y mix,Bolsón o caja de 5 kg o más,182700.00,237800.00,23.2,5000
7798367790261,Almidon de Maiz Sin Gluten,Vida,x5kg Vida,Harinas y Féculas,Bolsón o caja de 5 kg o más,10897.74,14184.36,23.2,5000
7798367790308,Almidon de Maiz Sin Gluten,Vida,x500gr VIDA,Harinas y Féculas,Envasado de marca,1546.02,2012.28,23.2,500
7798142268251,Fecula Mandioca,Dean Funes,x1kg-DEAN FUNES,Harinas y Féculas,Envasado de marca,2741.76,3568.64,23.2,1000
7793323004857,Fecula de Maiz Sin Gluten,Dicomere,x450gr Dicomere,Harinas y Féculas,Envasado de marca,1562.40,2033.60,23.2,450
7798367790315,Fecula de Mandioca Sin Gluten,Vida,x500gr VIDA,Harinas y Féculas,Envasado de marca,2133.18,2776.52,23.2,500
77898367790285,Fecula de Mandioca Sin Gluten,Vida,x5Kg Vida,Harinas y Féculas,Bolsón o caja de 5 kg o más,16722.72,21766.08,23.2,5000
7793323004864,Fecula de Mandioca Sin Gluten,Dicomere,x450gr Dicomere,Harinas y Féculas,Envasado de marca,2012.22,2619.08,23.2,450
7798367790346,Goma Xantica Sin Gluten,Vida,x100gr VIDA,Harinas y Féculas,Envasado de marca,3168.90,4124.60,23.2,100
7798142269043,Harina Arroz,Sin marca / fraccionado,x 1 kilo Dean funes,Harinas y Féculas,Fraccionado,1719.90,2238.60,23.2,1000
7793323004079,Harina Arroz Sin Gluten,Dicomere,x 1kg Dicomere,Harinas y Féculas,Envasado de marca,2483.46,3232.44,23.2,1000
775123,Harina Centeno extra fina,Sin marca / fraccionado,x1kg (fraccionada),Harinas y Féculas,Fraccionado,2205.00,2800.00,21.3,1000
7793323003935,Harina Centeno extra fina,Sin marca / fraccionado,x 500 kg,Harinas y Féculas,Fraccionado,1102.50,1400.00,21.3,500000
2099,Harina Integral Agroecologica,La Carmela,x1Kg  La Carmela,Harinas y Féculas,Envasado de marca,2227.68,2899.52,23.2,1000
21722,Harina Integral La Carmela,La Carmela,X3kg (fraccionada),Harinas y Féculas,Fraccionado,4446.54,5787.56,23.2,3000
7793323004017,Harina de Almendras c/Piel Sin Gluten,Dicomere,x200gr Dicomere,Harinas y Féculas,Envasado de marca,7232.40,9413.60,23.2,200
7798367790049,Harina de Arroz Sin Gluten,Vida,x500gr VIDA,Harinas y Féculas,Envasado de marca,1131.48,1472.72,23.2,500
120367,Harina de Avena Agroecologica,La Carmela,x1kg La Carmela,Harinas y Féculas,Envasado de marca,2758.14,3589.96,23.2,1000
800000000226,Harina de Avena Agroecologica,La Carmela,x3kg La Carmela,Harinas y Féculas,Envasado de marca,6952.68,9049.52,23.2,3000
653132,Harina de Avena Agroecologica Bolson,La Carmela,x20kg La Carmela,Harinas y Féculas,Bolsón o caja de 5 kg o más,42993.72,55960.08,23.2,20000
7793323024992,Harina de Avena Sin Gluten,Dicomere,x350gr Dicomere,Harinas y Féculas,Envasado de marca,2637.18,3432.52,23.2,350
5654321,Harina de Chia,Sin marca / fraccionado,x1kg Fraccionada,Harinas y Féculas,Fraccionado,1965.60,2496.00,21.3,1000
54512125,Harina de Chia,Sin marca / fraccionado,x500gr Fraccionada,Harinas y Féculas,Fraccionado,1494.36,1897.60,21.3,500
53223,Harina de Coco,Sin marca / fraccionado,x1kg,Harinas y Féculas,Fraccionado,3204.18,4170.52,23.2,1000
1523125,Harina de Coco,Sin marca / fraccionado,x500g,Harinas y Féculas,Fraccionado,1917.72,2496.08,23.2,500
6563123,Harina de Coco,Sin marca / fraccionado,Bolson x25kg,Harinas y Féculas,Bolsón o caja de 5 kg o más,64890.00,84460.00,23.2,25000
800000000225,Harina de Coco,Sin marca / fraccionado,x3kg,Harinas y Féculas,Fraccionado,8290.80,10791.20,23.2,3000
7793323004406,Harina de Coco Sin Gluten,Dicomere,x200gr Dicomere,Harinas y Féculas,Envasado de marca,3419.64,4450.96,23.2,200
45656,Harina de Garbanzo,Sin marca / fraccionado,x 1kg Fraccionada,Harinas y Féculas,Fraccionado,1764.00,2296.00,23.2,1000
45657,Harina de Garbanzo,Sin marca / fraccionado,x 500gr Fraccionada,Harinas y Féculas,Fraccionado,1197.00,1558.00,23.2,500
632215,Harina de Garbanzo Bolson,Sin marca / fraccionado,x 25kg,Harinas y Féculas,Bolsón o caja de 5 kg o más,33075.00,43050.00,23.2,25000
7793323004895,Harina de Garbanzo Organico Sin Gluten,Dicomere,x450gr Dicomere,Harinas y Féculas,Envasado de marca,1184.40,1541.60,23.2,450
7798367790063,Harina de Garbanzo Sin Gluten,Vida,x500gr VIDA,Harinas y Féculas,Envasado de marca,1777.86,2314.04,23.2,500
5451212556,Harina de Lino,Sin marca / fraccionado,x1kg,Harinas y Féculas,Fraccionado,2567.88,3342.32,23.2,1000
221553,Harina de Mani,Sin marca / fraccionado,x1kg Fraccionado,Harinas y Féculas,Fraccionado,2331.00,3034.00,23.2,1000
98596,Harina de almendras sin piel,Sin marca / fraccionado,x 2.5 KILOS,Harinas y Féculas,Fraccionado,6993.00,9102.00,23.2,2500
1593570,Harina de almendras sin piel,Sin marca / fraccionado,x1 Kilo,Harinas y Féculas,Fraccionado,3238.20,4214.80,23.2,1000
1593570000,Harina de almendras sin piel,Sin marca / fraccionado,x25Kg Bolson,Harinas y Féculas,Bolsón o caja de 5 kg o más,64890.00,84460.00,23.2,25000
224588541,Premezcla Bizcochuelo y Muffins Vainilla,Nutrizio,x500gr Nutrizio Sin Gluten,Harinas y Féculas,Envasado de marca,3301.20,4296.80,23.2,500
7793323024879,Premezcla Pan c/Psyllium Sin Gluten,Dicomere,x450gr Dicomere,Harinas y Féculas,Envasado de marca,1978.20,2574.80,23.2,450
7798367790100,Premezcla Panaderia y Reposteria Sin Gluten,Vida,x500gr VIDA,Harinas y Féculas,Envasado de marca,2388.96,3109.44,23.2,500
635455,Premezcla Panes y Pizza,Nutrizio,x500gr Nutrizio Sin Gluten,Harinas y Féculas,Envasado de marca,2643.48,3440.72,23.2,500
7793323026965,Premezcla Universal Proteica S/Tacc,Dicomere,x450 Grs Dicomere,Harinas y Féculas,Envasado de marca,3701.88,4818.32,23.2,450
7798367790117,Premezcla Universal Sin Gluten,Vida,x500gr VIDA,Harinas y Féculas,Envasado de marca,1779.12,2315.68,23.2,500
7793323024862,Premezcla Universal c/Psyllium Sin Gluten,Dicomere,x450gr Dicomere,Harinas y Féculas,Envasado de marca,1978.20,2574.80,23.2,450
788115970806,Premezcla Universal x1kg,Nutrizio,Sin Gluten Nutrizio,Harinas y Féculas,Envasado de marca,4523.40,5887.60,23.2,1000
22410,Premezcla Universal x5kg,Nutrizio,Sin Gluten Nutrizio,Harinas y Féculas,Bolsón o caja de 5 kg o más,20505.24,26689.36,23.2,5000
779836779008,Premezcla para Pan Sin Gluten,Vida,x500gr VIDA,Harinas y Féculas,Envasado de marca,2890.44,3762.16,23.2,500
7798367790094,Premezcla para Pizza Sin Gluten,Vida,x500gr VIDA,Harinas y Féculas,Envasado de marca,2876.58,3744.12,23.2,500
654312,Arvejas Enteras,Sin marca / fraccionado,x 500gr Fraccionado,Legumbres,Fraccionado,1343.16,1748.24,23.2,500
654314,Arvejas Enteras,Sin marca / fraccionado,x 1kg Fraccionado,Legumbres,Fraccionado,2055.06,2674.84,23.2,1000
65454,Arvejas Enteras Bolson,Sin marca / fraccionado,x25kg,Legumbres,Bolsón o caja de 5 kg o más,31500.00,41000.00,23.2,25000
365562,Avena Instantanea,Sin marca / fraccionado,x 800gr Fraccionada,Legumbres,Fraccionado,2008.44,2614.16,23.2,800
5558787,Garbanzos,Sin marca / fraccionado,x500gr Fraccionado,Legumbres,Fraccionado,1253.70,1631.80,23.2,500
55598678,Garbanzos,Sin marca / fraccionado,x1kg Fraccionado,Legumbres,Fraccionado,1877.40,2443.60,23.2,1000
7798168580705,Garbanzos,Sin marca / fraccionado,x2.5kg Fraccionado,Legumbres,Fraccionado,3906.00,5084.00,23.2,2500
45454544,Garbanzos Bolson,Sin marca / fraccionado,x25 kilos,Legumbres,Bolsón o caja de 5 kg o más,34650.00,45100.00,23.2,25000
333568,Lentejas,Sin marca / fraccionado,x1kg fraccionado,Legumbres,Fraccionado,2520.00,3280.00,23.2,1000
2222147,Lentejas,Sin marca / fraccionado,x500gr Fraccionado,Legumbres,Fraccionado,1575.00,2050.00,23.2,500
7798168580703,Lentejas,Sin marca / fraccionado,x2.5 kg Fraccionado,Legumbres,Fraccionado,5418.00,7052.00,23.2,2500
545415,Lentejas Bolson,Sin marca / fraccionado,Bolson x25 kg,Legumbres,Bolsón o caja de 5 kg o más,49770.00,64780.00,23.2,25000
7798168580306,Maiz Partido Blanco,Sin marca / fraccionado,x2.5 kg fraccionado,Legumbres,Fraccionado,5008.50,6519.00,23.2,2500
800000000152,Maiz Partido Blanco,Sin marca / fraccionado,x500g Fraccionado,Legumbres,Fraccionado,1474.20,1918.80,23.2,500
7798168580404,Maiz partido blanco,Sin marca / fraccionado,x kilo Fraccionado,Legumbres,Fraccionado,2318.40,3017.60,23.2,1000
100,Poroto Alubia,Sin marca / fraccionado,x 1 kilo Fraccionado,Legumbres,Fraccionado,2079.00,2706.00,23.2,1000
101,Poroto Alubia,Sin marca / fraccionado,x500gr Fraccionado,Legumbres,Fraccionado,1354.50,1763.00,23.2,500
7798168580313,Poroto Alubia,Sin marca / fraccionado,"x 2,5 kilos fraccionado",Legumbres,Fraccionado,4095.00,5330.00,23.2,2500
545645,Poroto Alubia Bolson,Sin marca / fraccionado,Bolson x 25 kg,Legumbres,Bolsón o caja de 5 kg o más,36225.00,47150.00,23.2,25000
456548,Poroto Colorado,Sin marca / fraccionado,x1 Kilo,Legumbres,Fraccionado,2545.20,3232.00,21.3,1000
800000000150,Poroto Colorado,Sin marca / fraccionado,x500g,Legumbres,Fraccionado,1587.60,2016.00,21.3,500
78981645103,Poroto Colorado,Sin marca / fraccionado,x 5 kilos,Legumbres,Bolsón o caja de 5 kg o más,11201.40,14224.00,21.3,5000
81232,Poroto Mung,Sin marca / fraccionado,x 1kg,Legumbres,Fraccionado,2066.40,2689.60,23.2,1000
2152145,Poroto Mung,Sin marca / fraccionado,x2.5Kg,Legumbres,Fraccionado,4378.50,5699.00,23.2,2500
106,Poroto Soja,Sin marca / fraccionado,x 1 kilo (fraccionado),Legumbres,Fraccionado,1351.98,1759.72,23.2,1000
7798168580146,Poroto Soja,Sin marca / fraccionado,x 500 gs fraccionado,Legumbres,Fraccionado,1008.00,1312.00,23.2,500
7798168580704,Poroto Soja,Sin marca / fraccionado,"x 2,5 kilos",Legumbres,Fraccionado,2520.00,3280.00,23.2,2500
356,Poroto colorado,Sin marca / fraccionado,x 25 kg,Legumbres,Bolsón o caja de 5 kg o más,54085.50,68680.00,21.3,25000
2152144,Poroto mung,Sin marca / fraccionado,x 500gr,Legumbres,Fraccionado,1348.20,1754.80,23.2,500
5477789,Porotos Negros,Sin marca / fraccionado,x1 Kg,Legumbres,Fraccionado,1814.40,2361.60,23.2,1000
5477789587,Porotos Negros,Sin marca / fraccionado,x500 Grs fraccionado,Legumbres,Fraccionado,1222.20,1590.80,23.2,500
7798164518,Porotos Negros,Sin marca / fraccionado,x2.5kg,Legumbres,Fraccionado,3748.50,4879.00,23.2,2500
451253,Salvado de Avena Bolson,Sin marca / fraccionado,x25 kg,Legumbres,Bolsón o caja de 5 kg o más,43568.28,56707.92,23.2,25000
235423,Soja Texturizada Fina Bolson,Sin marca / fraccionado,x20kg,Legumbres,Bolsón o caja de 5 kg o más,39060.00,50840.00,23.2,20000
7645,Soja texturizada fina,Sin marca / fraccionado,x500g,Legumbres,Fraccionado,1512.00,1968.00,23.2,500
779456112320,Bizcocho sin sal,Fermar,x 1kg Fermar,Panificados,Envasado de marca,5008.50,6519.00,23.2,1000
7798117600352,Bizcochos Blancos,Fermar,x 1kg Fermar,Panificados,Envasado de marca,5008.50,6519.00,23.2,1000
7798117600376,Bizcochos Salvado con Lino,Fermar,x 1kg Fermar,Panificados,Envasado de marca,5008.50,6519.00,23.2,1000
7798117600338,Fajita Blanca,Fermar,x 1kg FERMAR,Panificados,Envasado de marca,4964.40,6461.60,23.2,1000
1178796523,Fajita Chia,Fermar,x 1kg FERMAR,Panificados,Envasado de marca,4964.40,6461.60,23.2,1000
178898756330,Fajita Lino,Fermar,x 1kg FERMAR,Panificados,Envasado de marca,4964.40,6461.60,23.2,1000
7798117600697,Fajita Multicereal,Fermar,x 1kg FERMAR,Panificados,Envasado de marca,4964.40,6461.60,23.2,1000
779825647106,Fajita Salvado,Fermar,x 180gr FERMAR,Panificados,Envasado de marca,1026.90,1336.60,23.2,180
7798117600345,Fajita Salvado,Fermar,x 1kg FERMAR,Panificados,Envasado de marca,4964.40,6461.60,23.2,1000
1178954213,Fajita Sesamo,Fermar,x 1kg FERMAR,Panificados,Envasado de marca,4964.40,6461.60,23.2,1000
7798256470120,Fajita Sesamo,Fermar,x 180gr FERMAR,Panificados,Envasado de marca,1026.90,1336.60,23.2,180
282562,Pan 100% integral SIN semillas,Aroma,Aroma,Panificados,Envasado de marca,4095.00,5330.00,23.2,
9652588,Pan Salvado,Aroma,Aroma,Panificados,Envasado de marca,3276.00,4264.00,23.2,
7798340790295,Pan con trigo sarraceno y lino. Sin TACC,Franks,x 300 gr. Franks,Panificados,Envasado de marca,5547.78,7220.92,23.2,300
7798195940395,Pan de Molde Clasico x500 Grs,Destaccados,Sin tacc Destaccados,Panificados,Envasado de marca,5457.06,6929.60,21.3,500
7798195940401,Pan de Molde con Semillas x500 Grs,Destaccados,Sin tacc Destaccados,Panificados,Envasado de marca,5591.16,7214.40,22.5,500
9455556,Pan molde 100% integral con semillas,Aroma,Aroma,Panificados,Envasado de marca,4347.00,5658.00,23.2,
945669,Pan molde blanco / lacteado,Aroma,Aroma,Panificados,Envasado de marca,3969.00,5166.00,23.2,
366588,Pan molde integral tradicional,Aroma,Aroma,Panificados,Envasado de marca,3780.00,4920.00,23.2,
325,Pan molde semilla integral mix,Aroma,Aroma,Panificados,Envasado de marca,3906.00,5084.00,23.2,
2541815855,Tostada Dulce Diet,Fermar,x 900 grs FERMAR,Panificados,Envasado de marca,5178.60,6740.40,23.2,900
7798423670124,Tostada Dulce Diet,Fermar,x 180gr FERMAR,Panificados,Envasado de marca,1039.50,1353.00,23.2,180
74687435,Tostada Mesa,Fermar,x 900gr FERMAR,Panificados,Envasado de marca,5178.60,6740.40,23.2,900
65461652,Tostada Multicereal,Fermar,x 900gr FERMAR,Panificados,Envasado de marca,5178.60,6740.40,23.2,900
786952123,Tostada Salvado,Fermar,x 900gr FERMAR,Panificados,Envasado de marca,5178.60,6740.40,23.2,900
658145785,Tostada Sin Sal,Fermar,x 900gr FERMAR,Panificados,Envasado de marca,5178.60,6740.40,23.2,900
7798256470038,Tostada Sin Sal,Fermar,x 180gr FERMAR,Panificados,Envasado de marca,1039.50,1353.00,23.2,180
7798423670131,Tostada multicereal,Fermar,x 180gr FERMAR,Panificados,Envasado de marca,1039.50,1353.00,23.2,180
7798423670162,Tostada salvado,Fermar,x 180gr Fermar,Panificados,Envasado de marca,1039.50,1353.00,23.2,180
369963698,Azucar Impalpable,Dean Funes,x100gr-DEAN FUNES,Repostería,Envasado de marca,412.02,536.28,23.2,100
7798142266738,Azucar Impalpable,Dean Funes,x1kg-DEAN FUNES,Repostería,Envasado de marca,2145.78,2792.92,23.2,1000
7798142266721,Azucar Impalpable,Dean Funes,x500gr-DEAN FUNES,Repostería,Envasado de marca,1451.52,1889.28,23.2,500
33221100,Azucar Negra,Dean Funes,x500gr-DEAN FUNES,Repostería,Envasado de marca,1451.52,1889.28,23.2,500
866,Azucar mascabo,Sin marca / fraccionado,x5kg,Repostería,Bolsón o caja de 5 kg o más,23877.00,31078.00,23.2,5000
7798142260392,Bicarbonato de Sodio,Sin marca / fraccionado,x1kg Fraccionado,Repostería,Fraccionado,3068.10,3993.40,23.2,1000
21552,CANELA RAMA (fraccionada),Sin marca / fraccionado,X 50 GRS,Repostería,Fraccionado,2405.34,3130.76,23.2,50
21553,CANELA RAMA (fraccionada),Sin marca / fraccionado,X 250 GRS,Repostería,Fraccionado,10450.44,13602.16,23.2,250
25747,Cacao Amargo Premium Alcalino,Sin marca / fraccionado,x250gr Fraccionado,Repostería,Fraccionado,3880.80,5051.20,23.2,250
7793323004802,Cacao Amargo Puro Sin Gluten,Dicomere,x200gr Dicomere,Repostería,Envasado de marca,3931.20,5116.80,23.2,200
853652,Cacao amargo premium Alcalino,Sin marca / fraccionado,x 500 gr,Repostería,Fraccionado,7761.60,10102.40,23.2,500
800000000151,Chips Chocolate Negro,Sin marca / fraccionado,x1kg Fraccionado,Repostería,Fraccionado,11381.58,14814.12,23.2,1000
7797897002981,Chocolatinas 70% Cacao c/Stevia Caja,El Colonial,x50 unid de 5 gr c/u El Colonial,Repostería,Caja o envase múltiple,11219.04,14602.56,23.2,5
7798897000031,Chocolatinas Semiamargo Caja,El Colonial,x50 unid de 5 g c/u El Colonial,Repostería,Caja o envase múltiple,9676.80,12595.20,23.2,5
7797897000055,Chocolatinas Sin Azucar Caja,El Colonial,x 50 unid de 5 grs c/u El Colonial,Repostería,Caja o envase múltiple,10440.36,13589.04,23.2,5
7797897000048,Chocolatinas con Leche Caja,El Colonial,x50 unid de 5 gr c/u El Colonial,Repostería,Caja o envase múltiple,9676.80,12595.20,23.2,5
645344,Coco en Escamas,Sin marca / fraccionado,x250g Fraccionado,Repostería,Fraccionado,4363.38,5679.32,23.2,250
8000000441,Dulce de leche Ligth con Stevia,Frulatti,x450Grs Sin Gluten Picco Frulatti,Repostería,Envasado de marca,6955.20,9052.80,23.2,450
7798142266608,Esencia de Vainilla,Dean Funes,x 110cc DEAN FUNES,Repostería,Envasado de marca,900.90,1172.60,23.2,110
7798142266622,Esencia de Vainilla,Dean Funes,x 1lt  DEAN FUNES,Repostería,Envasado de marca,1764.00,2296.00,23.2,1000
7798142266486,Gelatina sin sabor,Dean Funes,x100gr Dean Funes,Repostería,Envasado de marca,3490.20,4542.80,23.2,100
7798142262433,Polvo de Hornear,Dean Funes,x1kg-DEAN FUNES,Repostería,Envasado de marca,3690.54,4803.56,23.2,1000
7793323004376,Polvo para Hornear Sin Gluten,Dicomere,x250g DICOMERE,Repostería,Envasado de marca,2772.00,3608.00,23.2,250
201021,Arroz Integral Largo Fino,Sin marca / fraccionado,x1kg Fraccionado,Semillas y granos,Fraccionado,2003.40,2544.00,21.2,1000
800000000107,Arroz Integral Largo Fino,Sin marca / fraccionado,x500gr Fraccionado,Semillas y granos,Fraccionado,1316.70,1672.00,21.3,500
800000000108,Arroz Yamani,Sin marca / fraccionado,x500 grs,Semillas y granos,Fraccionado,1782.90,2320.60,23.2,500
102020,Arroz Yamani Bolson,Sin marca / fraccionado,x30 Kilos,Semillas y granos,Bolsón o caja de 5 kg o más,67284.00,87576.00,23.2,30000
201020,Arroz Yamani Integral,Sin marca / fraccionado,x 1 Kg,Semillas y granos,Fraccionado,2935.80,3821.20,23.2,1000
656956,Arroz Yamani Integral,Sin marca / fraccionado,x 3 kilos,Semillas y granos,Fraccionado,7925.40,10315.60,23.2,3000
030201,Arroz para Sushi Bolson,Sin marca / fraccionado,x 25kg,Semillas y granos,Bolsón o caja de 5 kg o más,64260.00,83640.00,23.2,25000
362556,Avena Gruesa,Sin marca / fraccionado,x 700gr Fraccionada,Semillas y granos,Fraccionado,1645.56,2141.84,23.2,700
6006,Avena Gruesa Bolson,Sin marca / fraccionado,x 25kg,Semillas y granos,Bolsón o caja de 5 kg o más,41995.80,54661.20,23.2,25000
6004,Avena Instantanea Bolson,Sin marca / fraccionado,x 20Kg,Semillas y granos,Bolsón o caja de 5 kg o más,39375.00,51250.00,23.2,20000
3698712,Avena Tradicional,Sin marca / fraccionado,x 800gr Fraccionada,Semillas y granos,Fraccionado,1776.60,2312.40,23.2,800
6005,Avena Tradicional Bolson,Sin marca / fraccionado,x 25kg,Semillas y granos,Bolsón o caja de 5 kg o más,41995.80,54661.20,23.2,25000
102,Maiz Pisingallo,Sin marca / fraccionado,x1kg Fraccionado,Semillas y granos,Fraccionado,2154.60,2804.40,23.2,1000
7798168580701,Maiz Pisingallo,Sin marca / fraccionado,x2.5kg,Semillas y granos,Fraccionado,4284.00,5576.00,23.2,2500
103,Maiz pisingallo,Sin marca / fraccionado,x500gr Fraccionado,Semillas y granos,Fraccionado,1392.30,1812.20,23.2,500
45678993,Maiz pisingallo Bolson,Sin marca / fraccionado,Bolson x 25 kg,Semillas y granos,Bolsón o caja de 5 kg o más,37800.00,49200.00,23.2,25000
26062011,Mix de semillas x 5 Kilos,Sin marca / fraccionado,"lino,sesamo, girasol, chia.",Semillas y granos,Bolsón o caja de 5 kg o más,17388.00,22632.00,23.2,5000
149,Mix de semillas x 500gr,Sin marca / fraccionado,"lino, sesamo y girasol.",Semillas y granos,Fraccionado,2274.30,2960.20,23.2,500
150,Mix de semillas x1Kg,Sin marca / fraccionado,"lino,sesamo, girasol.",Semillas y granos,Fraccionado,3918.60,5100.40,23.2,1000
7798142269050,Semilla Alpiste,Dean Funes,x 1kg DEAN FUNES,Semillas y granos,Envasado de marca,2978.64,3876.96,23.2,1000
7798142269180,Semilla Alpiste,Dean Funes,x 500gr DEAN FUNES,Semillas y granos,Envasado de marca,1867.32,2430.48,23.2,500
121354321,Semilla Amapola,Dean Funes,x 1kg Dean Funes,Semillas y granos,Envasado de marca,22846.32,29736.48,23.2,1000
7798142266295,Semilla Amapola,Dean Funes,x500gr-DEAN FUNES,Semillas y granos,Envasado de marca,12041.82,15673.48,23.2,500
1144112,Semilla Amaranto,Dean Funes,x 100gr Dean Funes,Semillas y granos,Envasado de marca,1184.40,1541.60,23.2,100
77981422656489,Semilla Amaranto,Dean Funes,x 500gr DEAN FUNES,Semillas y granos,Envasado de marca,4780.44,6222.16,23.2,500
7798142269807,Semilla Amaranto,Dean Funes,x 1kg DEAN FUNES,Semillas y granos,Envasado de marca,8803.62,11458.68,23.2,1000
800000000159,Semilla Lino,Sin marca / fraccionado,x1kg,Semillas y granos,Fraccionado,3276.00,4264.00,23.2,1000
14366,Semilla Lino Bolson,Sin marca / fraccionado,x 25Kg,Semillas y granos,Bolsón o caja de 5 kg o más,70875.00,92250.00,23.2,25000
7798142269906,Semilla Quinoa Boliviana,Sin marca / fraccionado,x 500g Fraccionada,Semillas y granos,Fraccionado,4227.30,5502.20,23.2,500
35898741,Semilla Sesamo Integral,Sin marca / fraccionado,x1kg Fraccionado,Semillas y granos,Fraccionado,2835.00,3690.00,23.2,1000
7798142266417,Semilla Sesamo Integral,Sin marca / fraccionado,x500g Fraccionado,Semillas y granos,Fraccionado,1732.50,2255.00,23.2,500
897456121,Semilla Zapallo,Sin marca / fraccionado,x250gr.,Semillas y granos,Fraccionado,3843.00,5002.00,23.2,250
800000000153,Semilla Zapallo,Sin marca / fraccionado,x500g Fraccionado,Semillas y granos,Fraccionado,7056.00,9184.00,23.2,500
6295,Semilla amapola,Dean Funes,x 100gr Dean Funes,Semillas y granos,Envasado de marca,2784.60,3624.40,23.2,100
15896763,Semilla girasol con cascara,Sin marca / fraccionado,x1 kilo Dean funes,Semillas y granos,Fraccionado,4542.30,5912.20,23.2,1000
779814226918,Semilla girasol con cascara,Sin marca / fraccionado,x 500 gs Dean funes,Semillas y granos,Fraccionado,2901.78,3776.92,23.2,500
800000000162,Semilla girasol pelada,Sin marca / fraccionado,x 500gr Fraccionado,Semillas y granos,Fraccionado,2047.50,2665.00,23.2,500
77981422628974,Semilla girasol pelada,Sin marca / fraccionado,x 1kg Fraccionado,Semillas y granos,Fraccionado,3465.00,4510.00,23.2,1000
9456,Semillas Mijo Pelado,Dean Funes,x100gr DEAN FUNES,Semillas y granos,Envasado de marca,560.70,729.80,23.2,100
7654,Soja texturizada fina,Sin marca / fraccionado,x 1 kilo,Semillas y granos,Fraccionado,2394.00,3116.00,23.2,1000
654545,Arvejas Enteras,Sin marca / fraccionado,x2.5kg Fraccionado,Sin categoría,Fraccionado,4350.78,5662.92,23.2,2500
0000011,Avena Tradicional,Sin marca / fraccionado,x 3kg Fraccionada,Sin categoría,Fraccionado,5481.00,7134.00,23.2,3000
800000000166,Banana Chips,Sin marca / fraccionado,x100 Grs,Sin categoría,Fraccionado,1638.00,2080.00,21.3,100
73737373733,Barritas Zannas Coco y Cacao Sin Gluten,Zanna's,x 12 Unid. Caja Zanna s,Sin categoría,Caja o envase múltiple,12474.00,16236.00,23.2,
60392,Bicarbonato de Sodio,Sin marca / fraccionado,x2.5kg Fraccionado,Sin categoría,Fraccionado,5567.94,7247.16,23.2,2500
60393,Bicarbonato de Sodio,Sin marca / fraccionado,x25kg Bolson,Sin categoría,Bolsón o caja de 5 kg o más,51264.36,66725.04,23.2,25000
3215047,Budin Algarroba y Nuez VEGANO,Alquimia,x400 Grs Alquimia,Sin categoría,Envasado de marca,4720.00,5920.00,20.3,400
3215048,Budin Carrot Vegano,Alquimia,x430 grs Alquimia,Sin categoría,Envasado de marca,4720.00,5920.00,20.3,430
7790150006375,Cafe Molido Torrado,La Virginia,x1kg La Virginia,Sin categoría,Envasado de marca,24607.70,28887.30,14.8,1000
8000004,Clusters de  maca y quinoa pop,Sin marca / fraccionado,S/Azucar agregada x150 Grs,Sin categoría,Fraccionado,4284.00,5100.00,16.0,150
8000005,Clusters de arandano y coco,Sin marca / fraccionado,S/Azucar agregada x150 Grs,Sin categoría,Fraccionado,4284.00,5100.00,16.0,150
800000000219,Congorosa,Sin marca / fraccionado,x100 Grs,Sin categoría,Fraccionado,1609.02,2094.28,23.2,100
7798180700133,Disco arroz mani y miel. Sin TACC,Timon Cruz,60 grs Timon Cruz,Sin categoría,Envasado de marca,1392.30,1812.20,23.2,60
87755442,Eucalipto,Sin marca / fraccionado,x 250 gr,Sin categoría,Fraccionado,2375.10,3091.40,23.2,250
8000003,Galletas Algarroba y Cacao x230 Grs,Sin marca / fraccionado,Sin Azucar Agregada,Sin categoría,Fraccionado,6111.00,7275.00,16.0,230
8000002,Galletas Almendra y Coco  x230 Grs,Sin marca / fraccionado,S/Azucar Agregada,Sin categoría,Fraccionado,5140.80,6120.00,16.0,230
8000001,Granola proteica de arandanos y almendras,Sin marca / fraccionado,S/Azucar agregada x350 Grs,Sin categoría,Fraccionado,6426.00,7650.00,16.0,350
8000006,Granola tropical de coco y nueces,Sin marca / fraccionado,S/Azucar agregada x350 Grs,Sin categoría,Fraccionado,6426.00,7650.00,16.0,350
21723,Harina Integral Bolson La Carmela,La Carmela,x25 kilos,Sin categoría,Bolsón o caja de 5 kg o más,32858.28,42767.92,23.2,25000
221554,Harina de Mani,Sin marca / fraccionado,x500g Fraccionado,Sin categoría,Fraccionado,1480.50,1927.00,23.2,500
15935,Harina de almendras con piel,Sin marca / fraccionado,x 2.5 KILOS,Sin categoría,Fraccionado,6993.00,9102.00,23.2,2500
159357,Harina de almendras con piel,Sin marca / fraccionado,Bolson x 25 kilos,Sin categoría,Bolsón o caja de 5 kg o más,64890.00,84460.00,23.2,25000
15935700000,Harina de almendras con piel,Sin marca / fraccionado,x kilo,Sin categoría,Fraccionado,3238.20,4214.80,23.2,1000
7794870411365,Huevos Agroecologicos (gallinas libres),Plumas Verdes,Maple x 30 U Plumas Verdes,Sin categoría,Envasado de marca,9240.00,10010.00,7.7,
7798147720693,Maiz Inflado Azucarado Bolsa,Toc Toc,"x2,5kg TocToc",Sin categoría,Envasado de marca,9891.00,12874.00,23.2,2500
77931447720440,Maiz Inflado Azucarado bolsa,Toc Toc,x1kg Toc Toc,Sin categoría,Envasado de marca,4473.00,5822.00,23.2,1000
35854883,Modelife Cascara Sagrada,Modelife,x100 comp.,Sin categoría,Caja o envase múltiple,18144.00,23616.00,23.2,
65568956,Modelife Cascara Sagrada,Modelife,Blister x10 comprimidos,Sin categoría,Caja o envase múltiple,2592.00,2592.00,0.0,
800000000167,Pistacho salado con cascara,Sin marca / fraccionado,x100 Grs,Sin categoría,Fraccionado,4057.20,5280.80,23.2,100
0788115970851,Premezcla Crackers y Grisines,Nutrizio,x400gr Nutrizio Sin Gluten,Sin categoría,Envasado de marca,2475.90,3222.60,23.2,400
7793323024886,Premezcla Pizza c/Psyllium Sin Gluten,Dicomere,x450gr Dicomere,Sin categoría,Envasado de marca,2063.88,2686.32,23.2,450
6426454,Sahumerio x5 Palo Santo,Sin marca / fraccionado,Limpieza,Sin categoría,Fraccionado,1260.00,1500.00,16.0,
772,Sal Marina Fina yodada,Sin marca / fraccionado,x500gr Fraccionada,Sin categoría,Fraccionado,1685.88,2194.32,23.2,500
7798056150154,Tintura Madre Energizante,Andino,N°15 x45cc Andino,Sin categoría,Envasado de marca,5367.60,6986.40,23.2,45
8000000400,Yogur Firme Deslactosado sab. Anana,Frulatti,x200Grs Sin Gluten Frulatti,Sin categoría,Envasado de marca,2086.56,2715.84,23.2,200
7792180001665,Aceite Girasol Canuelas,Cañuelas,"x1,5L",Supermercado,Envasado de marca,6069.70,6861.40,11.5,1500
7792180001641,Aceite Girasol Canuelas,Cañuelas,x900ml,Supermercado,Envasado de marca,3758.20,4248.40,11.5,900
17792180001662,Aceite Girasol Canuelas 1.5L Caja,Cañuelas,x12unid,Supermercado,Caja o envase múltiple,72836.40,76003.20,4.2,1500
17792180001648,Aceite Girasol Canuelas 900ml Caja,Cañuelas,x12unid,Supermercado,Caja o envase múltiple,45098.40,47059.20,4.2,900
7795933202159,Anana Rodajas,Bahia,x850gr Bahia,Supermercado,Envasado de marca,5356.70,6055.40,11.5,850
7792180136626,Anillitos Chocolate 9 de Oro,Cañuelas,x120gr Canuelas,Supermercado,Envasado de marca,644.00,896.00,28.1,120
7792180136619,Anillitos Coco 9 de Oro,Cañuelas,x120gr Canuelas,Supermercado,Envasado de marca,644.00,896.00,28.1,120
7792180136602,Anillitos Vainilla 9 de Oro,Cañuelas,x120gr Canuelas,Supermercado,Envasado de marca,644.00,896.00,28.1,120
7792350067019,Arvejas Enteras Inalpa,Inalpa,x300gr Sin Gluten,Supermercado,Envasado de marca,542.80,755.20,28.1,300
7792350001921,Arvejas Enteras Inalpa,Inalpa,x2.95kg,Supermercado,Envasado de marca,5967.35,7264.60,17.9,2950
7790199604594,Avena Instantanea Morixe,Morixe,x400gr,Supermercado,Envasado de marca,1590.45,1936.20,17.9,400
7790199604587,Avena Tradicional Morixe,Morixe,x500gr,Supermercado,Envasado de marca,1590.45,1936.20,17.9,500
7798300460022,Azucar Comun Sin Gluten,Andina,x1kg Andina,Supermercado,Envasado de marca,1339.75,1631.00,17.9,1000
7792200020119,Bizcochos 9 de Oro Salvado,Cañuelas,x200gr Canuelas,Supermercado,Envasado de marca,1197.15,1665.60,28.1,200
7792200000128,Bizcochos Agridulce 9 de Oro,Cañuelas,x200gr Canuelas,Supermercado,Envasado de marca,1197.15,1665.60,28.1,200
7792200000319,Bizcochos Azucarados 9 de Oro,Cañuelas,x210gr Canuelas,Supermercado,Envasado de marca,1197.15,1665.60,28.1,210
7792180143587,Bizcochos Cara Sucia 9 de Oro,Cañuelas,x200gr Canuelas,Supermercado,Envasado de marca,1197.15,1665.60,28.1,200
7792200000159,Bizcochos Clasicos 9 de Oro,Cañuelas,x200gr Canuelas,Supermercado,Envasado de marca,1197.15,1665.60,28.1,200
7790150100783,Cafe Instantaneo Clasico Frasco,La Virginia,x100gr La Virginia,Supermercado,Envasado de marca,5272.75,6419.00,17.9,100
7790150100486,Cafe Instantaneo Clasico Frasco,La Virginia,x170gr La Virginia,Supermercado,Envasado de marca,8085.65,9491.85,14.8,170
7790150100677,Cafe Instantaneo Clasico Frasco,La Virginia,x50gr La Virginia,Supermercado,Envasado de marca,2987.70,3507.30,14.8,50
7790150101667,Cafe Instantaneo Suave Frasco,La Virginia,x50gr La Virginia,Supermercado,Envasado de marca,2987.70,3507.30,14.8,50
7790150101490,Cafe Instantaneo Suave Frasco,La Virginia,x170gr La Virginia,Supermercado,Envasado de marca,8085.65,9491.85,14.8,170
7790150101773,Cafe Instantaneo Suave Frasco,La Virginia,x100gr La Virginia,Supermercado,Envasado de marca,5272.75,6189.75,14.8,100
7790150006351,Cafe Molido Torrado,La Virginia,x500gr La Virginia,Supermercado,Envasado de marca,12305.00,14445.00,14.8,500
7790150006320,Cafe Molido Torrado,La Virginia,x250gr La Virginia,Supermercado,Envasado de marca,6151.35,7221.15,14.8,250
7790150006306,Cafe Molido Torrado,La Virginia,x125gr La Virginia,Supermercado,Envasado de marca,3339.60,3920.40,14.8,125
7790150437773,Caldo p/sab. Albahaca y Ajo,Alicante,x7.5gr Alicante,Supermercado,Envasado de marca,336.95,498.10,32.4,7
7790150437780,Caldo p/sab. Albahaca y Ajo,Alicante,Caja x12u. Alicante,Supermercado,Caja o envase múltiple,4042.25,4921.00,17.9,
7790150431429,Caldo p/sab. Carne,Alicante,Caja x12u. Alicante,Supermercado,Caja o envase múltiple,3515.55,4279.80,17.9,
7790150431436,Caldo p/sab. Carne,Alicante,x7.5gr Alicante,Supermercado,Envasado de marca,293.25,433.50,32.4,7
7790150438282,Caldo p/sab. Champignones y Hongos,Alicante,Caja x12u. Alicante,Supermercado,Caja o envase múltiple,4042.25,5624.00,28.1,
7790150438275,Caldo p/sab. Champignones y Hongos,Alicante,x7.5gr Alicante,Supermercado,Envasado de marca,336.95,498.10,32.4,7
7790150438800,Caldo p/sab. Crema y Verdeo,Alicante,Caja x12u. Alicante,Supermercado,Caja o envase múltiple,4042.25,4921.00,17.9,
7790150438794,Caldo p/sab. Crema y Verdeo,Alicante,x7.5gr Alicante,Supermercado,Envasado de marca,336.95,498.10,32.4,7
7790150439364,Caldo p/sab. Cuatro Quesos,Alicante,Caja x12u. Alicante,Supermercado,Caja o envase múltiple,3729.45,4540.20,17.9,
7790150439357,Caldo p/sab. Cuatro Quesos,Alicante,x7.5gr Alicante,Supermercado,Envasado de marca,336.95,498.10,32.4,7
7790150434413,Caldo p/sab. Finas Hierbas,Alicante,Caja x12u. Alicante,Supermercado,Caja o envase múltiple,4042.25,4921.00,17.9,
7790150434420,Caldo p/sab. Finas Hierbas,Alicante,x7.5gr Alicante,Supermercado,Envasado de marca,336.95,498.10,32.4,7
7790150432426,Caldo p/sab. Gallina,Alicante,Caja x12u. Alicante,Supermercado,Caja o envase múltiple,3515.55,4891.20,28.1,
7790150432433,Caldo p/sab. Gallina,Alicante,x7.5gr Alicante,Supermercado,Envasado de marca,293.25,433.50,32.4,7
7790150434864,Caldo p/sab. Panceta y Hierbas,Alicante,Caja x12u. Alicante,Supermercado,Caja o envase múltiple,4042.25,4921.00,17.9,
7790150434857,Caldo p/sab. Panceta y Hierbas,Alicante,x7.5gr Alicante,Supermercado,Envasado de marca,336.95,498.10,32.4,7
7790150433423,Caldo p/sab. Verdura,Alicante,x7.5gr Alicante,Supermercado,Envasado de marca,293.25,433.50,32.4,7
7790150433416,Caldo p/sab. Verdura,Alicante,Caja x12u. Alicante,Supermercado,Caja o envase múltiple,3280.95,4564.80,28.1,
7790150433638,Caldo p/sab. Verdura Bajo en Sodio,Alicante,Caja x12u. Alicante,Supermercado,Caja o envase múltiple,3280.95,4564.80,28.1,
7790150433621,Caldo p/sab. Verdura Bajo en Sodio,Alicante,x6gr Alicante,Supermercado,Envasado de marca,293.25,433.50,32.4,6
7790645002295,Champignones Trozos,Caracas,x850gr Caracas,Supermercado,Envasado de marca,5859.25,7133.00,17.9,850
7790199604952,Champignones Trozos Morixe,Morixe,x400gr,Supermercado,Envasado de marca,2562.20,3119.20,17.9,400
7792350001945,Choclo Amarillo Inalpa,Inalpa,x2.95kg,Supermercado,Envasado de marca,11188.35,13620.60,17.9,2950
7792350067033,Choclo Amarillo Inalpa,Inalpa,x300gr,Supermercado,Envasado de marca,1389.20,1932.80,28.1,300
7792350067040,Choclo Cremoso Amarillo Inalpa,Inalpa,x300gr,Supermercado,Envasado de marca,736.00,1024.00,28.1,300
7790645001137,Coctel Frutas Gentleman,Gentleman,x820gr Sin Gluten,Supermercado,Envasado de marca,2846.25,3465.00,17.9,820
7790645000871,Coctel Frutas Gentleman,Gentleman,x3kg Sin Gluten,Supermercado,Envasado de marca,11933.55,14527.80,17.9,3000
7792180138545,Cookies Avena Frutilla 9 de Oro,Cañuelas,x120gr Canuelas,Supermercado,Envasado de marca,1013.15,1409.60,28.1,120
7792180138538,Cookies Avena con Miel 9 de Oro,Cañuelas,x120gr Canuelas,Supermercado,Envasado de marca,1013.15,1409.60,28.1,120
7792180138521,Cookies Avena con Pasas 9 de Oro,Cañuelas,x120gr Canuelas,Supermercado,Envasado de marca,1013.15,1409.60,28.1,120
7792180138507,Cookies Chips Choco Blancos 9 de Oro,Cañuelas,x120gr Canuelas,Supermercado,Envasado de marca,1067.20,1484.80,28.1,120
7792180138491,Cookies Chips Choco Negro 9 de Oro,Cañuelas,x120gr Canuelas,Supermercado,Envasado de marca,1067.20,1484.80,28.1,120
7792180146526,Crujitas Cebolla y Crema 9 de Oro,Cañuelas,x80gr Canuelas,Supermercado,Envasado de marca,828.00,1152.00,28.1,80
7792180146496,Crujitas Clasicas 9 de Oro,Cañuelas,x80gr Canuelas,Supermercado,Envasado de marca,828.00,1152.00,28.1,80
7792180146533,Crujitas Hierbas 9 de Oro,Cañuelas,x80gr Canuelas,Supermercado,Envasado de marca,828.00,1152.00,28.1,80
7792180146519,Crujitas Jamon Serrano 9 de Oro,Cañuelas,x80gr Canuelas,Supermercado,Envasado de marca,828.00,1152.00,28.1,80
7792180146502,Crujitas Queso 9 de Oro,Cañuelas,x80gr Canuelas,Supermercado,Envasado de marca,828.00,1152.00,28.1,80
7792180138286,Dulce Mama Magdalenas Vainilla,Cañuelas,x200gr Canuelas,Supermercado,Envasado de marca,1334.00,1856.00,28.1,200
7792180140135,Dulce Mama Magdalenas con Dulce de leche,Cañuelas,x200gr Canuelas,Supermercado,Envasado de marca,1334.00,1856.00,28.1,200
7792180138613,Dulce Mama Pepas Membrillo,Cañuelas,x350gr Canuelas,Supermercado,Envasado de marca,1506.50,1545.80,2.5,350
7792180138620,Dulce Mama Pepas Membrillo,Cañuelas,x200gr Canuelas,Supermercado,Envasado de marca,921.15,1281.60,28.1,200
7794759000635,Dulce de Batata Caroyense,Caroyense,x500gr Sin Gluten,Supermercado,Envasado de marca,1255.80,2184.00,42.5,500
17794759000397,Dulce de Batata Caroyense,Caroyense,x5kg Sin Gluten,Supermercado,Bolsón o caja de 5 kg o más,12861.60,15657.60,17.9,5000
7791058010662,Dulce de Leche Clasico Manfrey,Manfrey,x400gr Sin Gluten,Supermercado,Envasado de marca,2571.40,2593.76,0.9,400
7791058010730,Dulce de Leche Clasico Manfrey,Manfrey,x200gr Sin Gluten,Supermercado,Envasado de marca,1281.10,1559.60,17.9,200
7794759001298,Dulce de Membrillo Caroyense,Caroyense,x500gr Sin Gluten,Supermercado,Envasado de marca,1268.45,2206.00,42.5,500
17794759000557,Dulce de Membrillo Caroyense,Caroyense,x5kg Sin Gluten,Supermercado,Bolsón o caja de 5 kg o más,13559.65,16507.40,17.9,5000
7798148490304,Duraznos Cubos Agrosabor,Agrosabor,x3kg,Supermercado,Envasado de marca,5967.35,7264.60,17.9,3000
7798148490045,Duraznos Mitades Agrosabor,Agrosabor,x485gr,Supermercado,Envasado de marca,2091.85,2910.40,28.1,485
7798148490083,Duraznos Mitades Agrosabor,Agrosabor,x3kg,Supermercado,Envasado de marca,6265.20,7627.20,17.9,3000
7792180141859,Edulcorante Clasico Canuela,Cañuelas,x200ml Sin Gluten,Supermercado,Envasado de marca,1238.55,2046.30,39.5,200
7792180005021,Fideos Ave Maria,San Agustin,x500gr San Agustin,Supermercado,Envasado de marca,693.45,844.20,17.9,500
17792180005028,Fideos Ave Maria x500gr Pack,San Agustin,x12unid San Agustin,Supermercado,Caja o envase múltiple,8321.40,8683.20,4.2,500
7792180005014,Fideos Cabello de Angel,San Agustin,x500gr San Agustin,Supermercado,Envasado de marca,989.00,1204.00,17.9,500
7792180004963,Fideos Codito,San Agustin,x500gr San Agustin,Supermercado,Envasado de marca,755.55,919.80,17.9,500
7792180005045,Fideos Dedalitos,San Agustin,x500gr San Agustin,Supermercado,Envasado de marca,755.55,919.80,17.9,500
7792180141637,Fideos Integral Fusilli Pureza,Pureza,x500gr,Supermercado,Envasado de marca,1339.75,1631.00,17.9,500
7792180137159,Fideos Integral Mostachol,San Agustin,x500gr San Agustin,Supermercado,Envasado de marca,989.00,1204.00,17.9,500
7792180137173,Fideos Integral Nido Ancho,San Agustin,x500gr San Agustin,Supermercado,Envasado de marca,989.00,1204.00,17.9,500
7792180137166,Fideos Integral Tirabuzon,San Agustin,x500gr San Agustin,Supermercado,Envasado de marca,989.00,1204.00,17.9,500
7792180004956,Fideos Mostachol,San Agustin,x500gr San Agustin,Supermercado,Envasado de marca,755.55,919.80,17.9,500
17792180004953,Fideos Mostachol x500gr Pack,San Agustin,x12unid San Agustin,Supermercado,Caja o envase múltiple,9066.60,9460.80,4.2,500
7792180005038,Fideos Municiones,San Agustin,x500gr San Agustin,Supermercado,Envasado de marca,693.45,844.20,17.9,500
17792180005035,Fideos Municiones x500gr Pack,San Agustin,x12unid San Agustin,Supermercado,Caja o envase múltiple,8321.40,8683.20,4.2,500
7792180004994,Fideos Nido Ancho,San Agustin,x500gr San Agustin,Supermercado,Envasado de marca,989.00,1204.00,17.9,500
7792180005007,Fideos Nido Angosto,San Agustin,x500gr San Agustin,Supermercado,Envasado de marca,989.00,1075.00,8.0,500
17792180005004,Fideos Nido Angosto x500gr Pack,San Agustin,x12unid San Agustin,Supermercado,Caja o envase múltiple,11868.00,12384.00,4.2,500
7792180004987,Fideos Noquis,San Agustin,x500gr San Agustin,Supermercado,Envasado de marca,755.55,919.80,17.9,500
7792180141675,Fideos Rigatoni al Huevo Pureza,Pureza,x500gr,Supermercado,Envasado de marca,1339.75,1631.00,17.9,500
7792180005052,Fideos Rigatti,San Agustin,x500gr San Agustin,Supermercado,Envasado de marca,755.55,919.80,17.9,500
7792180141682,Fideos Rigatti al Huevo Pureza,Pureza,x500gr,Supermercado,Envasado de marca,1339.75,1631.00,17.9,500
7792180143495,Fideos Spaghetti,San Agustin,x500gr San Agustin,Supermercado,Envasado de marca,817.65,995.40,17.9,500
17792180143492,Fideos Spaghetti x500gr Pack,San Agustin,x20unid San Agustin,Supermercado,Caja o envase múltiple,16353.00,17064.00,4.2,500
7792180143501,Fideos Tallarin,San Agustin,x500gr San Agustin,Supermercado,Envasado de marca,817.65,995.40,17.9,500
17792180143508,Fideos Tallarin x500gr Pack,San Agustin,x20unid San Agustin,Supermercado,Caja o envase múltiple,16353.00,17064.00,4.2,500
7792180004949,Fideos Tirabuzon,San Agustin,x500gr San Agustin,Supermercado,Envasado de marca,755.55,919.80,17.9,500
17792180004946,Fideos Tirabuzon x500gr Pack,San Agustin,x12unid San Agustin,Supermercado,Caja o envase múltiple,9066.60,9460.80,4.2,500
7791122005938,Flan Chocolate Velez,Velez,x60gr Unidad,Supermercado,Envasado de marca,811.90,1200.20,32.4,60
7791122005921,Flan Vainilla Velez,Velez,x60gr Unidad,Supermercado,Envasado de marca,811.90,1200.20,32.4,60
7791122006102,Flan Vainilla Velez,Velez,Caja x8u.,Supermercado,Caja o envase múltiple,6496.35,9038.40,28.1,
7792350067071,Garbanzos Inalpa,Inalpa,x300gr,Supermercado,Envasado de marca,837.20,1164.80,28.1,300
7798001880464,Grasa Vacuna Esani,Esani,x500gr Sin Gluten,Supermercado,Envasado de marca,2846.25,3341.25,14.8,500
7792180134516,Harina 100% Integral Pureza,Pureza,x1kg,Supermercado,Envasado de marca,1771.00,2156.00,17.9,1000
17792180134513,Harina 100% Integral Pureza Pack,Pureza,x10unid,Supermercado,Caja o envase múltiple,17710.00,18480.00,4.2,
7792180145758,Harina Multicereal Masa Madre Pureza,Pureza,x1kg,Supermercado,Envasado de marca,3208.50,3906.00,17.9,1000
7792180139320,Harina de Trigo 000 Canuelas,Cañuelas,x1kg,Supermercado,Envasado de marca,925.75,1127.00,17.9,1000
17792180139327,Harina de Trigo 000 Canuelas Pack,Cañuelas,x10unid,Supermercado,Caja o envase múltiple,9257.50,9660.00,4.2,
7792180004871,Harina de Trigo 0000 Pureza,Pureza,x1kg,Supermercado,Envasado de marca,1193.70,1453.20,17.9,1000
17792180004878,Harina de Trigo 0000 Pureza Pack,Pureza,x10unid,Supermercado,Caja o envase múltiple,11937.00,12456.00,4.2,
7792180140708,Harina de Trigo Leudante Pureza,Pureza,x1kg,Supermercado,Envasado de marca,1462.80,1780.80,17.9,1000
17792180140705,Harina de Trigo Leudante Pureza Pack,Pureza,x10unid,Supermercado,Caja o envase múltiple,14628.00,15264.00,4.2,
7792180004567,Harina para Pizza Pureza,Pureza,x1kg con levadura,Supermercado,Envasado de marca,1766.40,2150.40,17.9,1000
17792180004564,Harina para Pizza Pureza Pack,Pureza,x10unid,Supermercado,Caja o envase múltiple,17664.00,18432.00,4.2,
7792350067026,Jardinera Inalpa,Inalpa,x300gr,Supermercado,Envasado de marca,921.15,1281.60,28.1,300
7791058000731,Leche Entera UAT,Manfrey,x1L Manfrey,Supermercado,Envasado de marca,1932.00,2352.00,17.9,1000
7791058000816,Leche Parc. Descremada UAT,Manfrey,x1L Manfrey,Supermercado,Envasado de marca,1932.00,2352.00,17.9,1000
7792350067064,Lentejas Inalpa,Inalpa,x300gr,Supermercado,Envasado de marca,1003.95,1396.80,28.1,300
7795933000496,Lomitos Atun Aceite y Agua,Bahia,x170gr Bahia,Supermercado,Envasado de marca,3079.70,3481.40,11.5,170
7795933000502,Lomitos Atun al Natural,Bahia,x170gr Bahia,Supermercado,Envasado de marca,3079.70,3481.40,11.5,170
7790077000098,Magdalenas Chocolate Rellenas DDL,Pozo,x200gr Pozo,Supermercado,Envasado de marca,1674.40,2329.60,28.1,200
7790077000364,Magdalenas Clasicas Vainilla,Pozo,x200gr Pozo,Supermercado,Envasado de marca,1674.40,2329.60,28.1,200
7790077001033,Magdalenas Coco Rellenas DDL,Pozo,x200gr Pozo,Supermercado,Envasado de marca,1674.40,2329.60,28.1,200
7790077000739,Magdalenas Marmoladas,Pozo,x200gr Pozo,Supermercado,Envasado de marca,1674.40,2329.60,28.1,200
7790077000746,Magdalenas Vainilla Rellenas DDL,Pozo,x200gr Pozo,Supermercado,Envasado de marca,1674.40,2329.60,28.1,200
7790077000722,Magdalenas con Chips Chocolate,Pozo,x200gr Pozo,Supermercado,Envasado de marca,1674.40,2329.60,28.1,200
7792180133274,Obleas Chocolate y Naranja 9 de Oro,Cañuelas,x100gr Canuelas,Supermercado,Envasado de marca,828.00,1152.00,28.1,100
7792180132994,Obleas Frutilla  y Vainilla 9 de Oro,Cañuelas,x100gr Canuelas,Supermercado,Envasado de marca,828.00,1152.00,28.1,100
7792180132932,Obleas Naranja 9 de Oro,Cañuelas,x100gr Canuelas,Supermercado,Envasado de marca,828.00,1152.00,28.1,100
7790199604853,Palmitos Enteros Morixe,Morixe,x400gr,Supermercado,Envasado de marca,4184.85,5094.60,17.9,400
7790199604877,Palmitos Trozos Morixe,Morixe,x400gr Sin Gluten,Supermercado,Envasado de marca,1779.05,2165.80,17.9,400
7791818001961,Papel Higienico Vual,Vual,x4unid 30mts,Supermercado,Caja o envase múltiple,1458.20,2028.80,28.1,
7798130889178,Papel Higienico Vual,Vual,x1unid 50mts,Supermercado,Caja o envase múltiple,586.50,714.00,17.9,
7791818001978,Papel Higienico Vual,Vual,x6unid 30mts,Supermercado,Caja o envase múltiple,2107.95,2566.20,17.9,
7792180146823,Paseo Cracker Cebolla Masa Madre,Cañuelas,x250gr Canuelas,Supermercado,Envasado de marca,1473.15,2049.60,28.1,250
7792180007315,Paseo Cracker Cinco Semillas Masa Madre,Cañuelas,x300gr Canuelas,Supermercado,Envasado de marca,1565.15,2177.60,28.1,300
7792180006448,Paseo Cracker Clasicas Masa Madre,Cañuelas,x300gr Canuelas,Supermercado,Envasado de marca,1290.30,1795.20,28.1,300
7792180146830,Paseo Cracker Jamon Masa Madre,Cañuelas,x250gr Canuelas,Supermercado,Envasado de marca,1473.15,2049.60,28.1,250
7792180007346,Paseo Cracker Multicereal Masa Madre,Cañuelas,x300gr Canuelas,Supermercado,Envasado de marca,1565.15,2177.60,28.1,300
7792180145420,Paseo Cracker Oliva Romero Masa Madre,Cañuelas,x250gr Canuelas,Supermercado,Envasado de marca,1473.15,2049.60,28.1,250
7792180145437,Paseo Cracker Pizza Masa Madre,Cañuelas,x250gr Canuelas,Supermercado,Envasado de marca,1473.15,2049.60,28.1,250
7792180145444,Paseo Cracker Queso Masa Madre,Cañuelas,x250gr Canuelas,Supermercado,Envasado de marca,1473.15,2049.60,28.1,250
7792180006455,Paseo Cracker Salvado Masa Madre,Cañuelas,x300gr Canuelas,Supermercado,Envasado de marca,1565.15,2177.60,28.1,300
7792180007285,Paseo Cracker Sesamo Masa Madre,Cañuelas,x300gr Canuelas,Supermercado,Envasado de marca,1565.15,2177.60,28.1,300
7792180004130,Paseo Grisines Clasicos,Cañuelas,x180gr Canuelas,Supermercado,Envasado de marca,1693.95,2356.80,28.1,180
77921801443242,Paseo Grisines Multicereal,Cañuelas,x180gr Canuela,Supermercado,Envasado de marca,1693.95,2356.80,28.1,180
7792180006462,Paseo Marineras Masa Madre,Cañuelas,x220gr Canuelas,Supermercado,Envasado de marca,1197.15,1665.60,28.1,220
7792180141125,Paseo Tostadas Arroz Clasicas,Cañuelas,x120gr Canuelas,Supermercado,Envasado de marca,1641.05,2283.20,28.1,120
7792180137845,Paseo Tostadas Clasicas,Cañuelas,x200gr Canuelas,Supermercado,Envasado de marca,1345.50,1872.00,28.1,200
7792180137852,Paseo Tostadas Salvado,Cañuelas,x200gr Canuelas,Supermercado,Envasado de marca,1345.50,1872.00,28.1,200
7790199605560,Pimientos Morrones Entero Morixe,Morixe,x200gr,Supermercado,Envasado de marca,2312.65,2815.40,17.9,200
7790645001182,Pimientos Morrones Enteros,Caracas,x750gr Caracas,Supermercado,Envasado de marca,5022.05,6113.80,17.9,750
7790645001502,Pimientos Morrones Enteros,Caracas,x2.5kg Caracas,Supermercado,Envasado de marca,10442.00,12712.00,17.9,2500
7790199603207,Polenta Coccion Rapida Morixe,Morixe,x500gr,Supermercado,Envasado de marca,729.10,887.60,17.9,500
7790199603214,Polenta Coccion Rapida Morixe,Morixe,x1kg,Supermercado,Envasado de marca,1422.55,1731.80,17.9,1000
7792350067088,Porotos Blancos Inalpa,Inalpa,x300gr,Supermercado,Envasado de marca,1003.95,1396.80,28.1,300
7792350067101,Porotos Negros Inalpa,Inalpa,x300gr,Supermercado,Envasado de marca,1003.95,1396.80,28.1,300
7794759000994,Pure Tomates Caroyense,Caroyense,x520gr Sin Gluten,Supermercado,Envasado de marca,677.35,942.40,28.1,520
7795184001907,Pure Tomates Noel,Noel,x520gr Sin Gluten,Supermercado,Envasado de marca,733.70,1020.80,28.1,520
7795184129281,Pure Tomates Noel,Noel,x210gr Sin Gluten,Supermercado,Envasado de marca,547.40,761.60,28.1,210
7792180140579,Pure de Papas Mama Cocina,Cañuelas,x125gr Canuelas,Supermercado,Envasado de marca,1515.70,1845.20,17.9,125
7790199602934,Rebozador Morixe,Morixe,x500gr,Supermercado,Envasado de marca,1255.80,1528.80,17.9,500
7798130888997,Rollo de Cocina Vual,Vual,x3unid 50mts,Supermercado,Caja o envase múltiple,1957.30,2723.20,28.1,
7792900000138,Sal Fina Dos Anclas,Dos Anclas,x500gr Estuche Sin Gluten,Supermercado,Envasado de marca,1467.40,1786.40,17.9,500
7792900092676,Sal Gruesa Dos Anclas,Dos Anclas,x500gr Estuche Sin Gluten,Supermercado,Envasado de marca,1422.55,1731.80,17.9,500
7790580134471,Salsa Filetto Noel,Noel,x340gr Sin Gluten,Supermercado,Envasado de marca,1063.75,1295.00,17.9,340
7790580134464,Salsa Pizza Noel,Noel,x340gr Sin Gluten,Supermercado,Envasado de marca,1063.75,1295.00,17.9,340
7790580134457,Salsa Pomarola Noel,Noel,x340gr Sin Gluten,Supermercado,Envasado de marca,1063.75,1295.00,17.9,340
7790580134488,Salsa Tipo Portuguesa Noel,Noel,x340gr Sin Gluten,Supermercado,Envasado de marca,1063.75,1295.00,17.9,340
7790150441282,Sopa Arroz Pollo y Vegetales,Alicante,x63gr Alicante,Supermercado,Envasado de marca,1422.55,1979.20,28.1,63
7790150441343,Sopa Campestre c/ Fideos y Veg.,Alicante,x68gr Alicante,Supermercado,Envasado de marca,1422.55,1979.20,28.1,68
7790150440193,Sopa Crema  Zapallo,Alicante,x73gr Alicante,Supermercado,Envasado de marca,1422.55,1979.20,28.1,73
7790150440131,Sopa Crema de Choclo,Alicante,x69gr Alicante,Supermercado,Envasado de marca,1422.55,1979.20,28.1,69
7790150440483,Sopa Criolla c/ Fideos y Veg.,Alicante,x72gr Alicante,Supermercado,Envasado de marca,1422.55,1979.20,28.1,72
7790150440438,Sopa De La Huerta c/ Fideos y Veg.,Alicante,x72gr Alicante,Supermercado,Envasado de marca,1422.55,1979.20,28.1,72
7790150310267,Te Boldo,La Virginia,x25 sobres La Virginia,Supermercado,Caja o envase múltiple,1767.55,2151.80,17.9,
7790150330166,Te Manzanilla,La Virginia,x25 sobres La Virginia,Supermercado,Caja o envase múltiple,1491.55,1815.80,17.9,
7790150355084,Te Verde,La Virginia,x25 sobres La Virginia,Supermercado,Caja o envase múltiple,1491.55,1815.80,17.9,
7790150396186,Te con Frutilla,La Virginia,x25 sobres La Virginia,Supermercado,Caja o envase múltiple,2013.65,2451.40,17.9,
7798148490434,Tomate Triturado Agrosabor,Agrosabor,x950gr,Supermercado,Envasado de marca,1621.50,2256.00,28.1,950
7798148490267,Tomate Triturado Agrosabor,Agrosabor,x8kg,Supermercado,Bolsón o caja de 5 kg o más,9696.80,13491.20,28.1,8000
7794759000222,Tomate Triturado Caroyense,Caroyense,x2.5kg Sin Gluten,Supermercado,Envasado de marca,3556.95,4948.80,28.1,2500
7795184003901,Tomates Peritas Enteros Noel,Noel,x400gr Sin Gluten,Supermercado,Envasado de marca,1052.25,1464.00,28.1,400
7790645001397,Tomates Peritas Enteros Sin Gluten,Gentleman,x2.93kg Gentleman,Supermercado,Envasado de marca,8204.10,9987.60,17.9,2930
77940148,Turron Misky,Misky,x25gr,Supermercado,Envasado de marca,242.65,316.50,23.3,25
7790139003166,Vinagre de Alcohol Casalta,Casalta,x500ml Sin Gluten,Supermercado,Envasado de marca,1003.95,1396.80,28.1,500
7790139003258,Vinagre de Manzana Casalta,Casalta,x500ml Sin Gluten,Supermercado,Envasado de marca,1682.45,2340.80,28.1,500
7798067630010,Yerba Hierbas Serranas Don Arregui,Don Arregui,x500gr,Supermercado,Envasado de marca,1306.40,1590.40,17.9,500
7798067630041,Yerba Menta Don Arregui,Don Arregui,x500gr,Supermercado,Envasado de marca,1306.40,1590.40,17.9,500
7798067630034,Yerba Peperina Don Arregui,Don Arregui,x500gr,Supermercado,Envasado de marca,1306.40,1590.40,17.9,500
7792710000038,Yerba Tradicional Amanda,Amanda,x250gr Sin Gluten,Supermercado,Envasado de marca,1171.85,1426.60,17.9,250
7792710000182,Yerba Tradicional Amanda,Amanda,x500gr Sin Gluten,Supermercado,Envasado de marca,2093.00,2548.00,17.9,500
7798067630379,Yerba Tradicional Don Arregui,Don Arregui,x500gr,Supermercado,Envasado de marca,1896.35,2308.60,17.9,500
5454988,"044 calcio, B12, vit E. Suplemento nutritivo",Sin marca / fraccionado,x 90 gr,Suplementos,Fraccionado,630.00,820.00,23.2,90
74563258,Ajo negro + Vita C,Modelife,x30 comp. Modelife,Suplementos,Caja o envase múltiple,7087.50,9225.00,23.2,
091025,Alga Diet Plus Max,Modelife,x30 comp. Modelife,Suplementos,Caja o envase múltiple,7276.50,9471.00,23.2,
2225895,Alga Fucus,Modelife,x30 comp Modelife,Suplementos,Caja o envase múltiple,5292.00,6888.00,23.2,
19181714,Blend Curcuma en polvo,Tipsy,x100 Grs Tipsy,Suplementos,Envasado de marca,6501.60,8462.40,23.2,100
19181715,Blend Remolacha en polvo,Tipsy,x100 Grs Tipsy,Suplementos,Envasado de marca,6501.60,8462.40,23.2,100
00015,Calcio 400 + Vitamina D,Modelife,x30 comp. Modelife,Suplementos,Caja o envase múltiple,6048.00,7872.00,23.2,
5864121,Calcio Cubano,Sin marca / fraccionado,x90g. Calcificar huesos,Suplementos,Fraccionado,630.00,820.00,23.2,90
00013,Caroteno Max,Modelife,x20 comp. Modelife,Suplementos,Caja o envase múltiple,4158.00,5412.00,23.2,
091024,Centella Max,Modelife,x30 comp. Modelife,Suplementos,Caja o envase múltiple,5859.00,7626.00,23.2,
3622,Citrato de Magnesio,Sin marca / fraccionado,x500gr Fraccionado,Suplementos,Fraccionado,6902.28,8983.92,23.2,500
363626,Citrato de Magnesio,Sin marca / fraccionado,x150gr Fraccionado,Suplementos,Fraccionado,2385.18,3104.52,23.2,150
727373197877,Citrato de Magnesio,Modelife,x30 caps. Modelife,Suplementos,Caja o envase múltiple,7182.00,9348.00,23.2,
5555,Citrato de Potasio,Sin marca / fraccionado,x200gr Fraccionado,Suplementos,Fraccionado,3878.28,4924.80,21.3,200
7798334587887,Colageno Hidrolizado sab. Naranja Blend AntiAge,Molé,x400gr Mole,Suplementos,Envasado de marca,26989.20,35128.80,23.2,400
5864122,Colageno en Polvo,Sin marca / fraccionado,Sobre x 90 grs,Suplementos,Fraccionado,630.00,820.00,23.2,90
57875155,Colageno hidrolizado + vit E,Modelife,x 100 comprimidos. Modelife,Suplementos,Caja o envase múltiple,18427.50,23985.00,23.2,
587456332,Colageno hidrolizado + vit E,Modelife,blister x 10 comprimidos. Modelife,Suplementos,Caja o envase múltiple,2633.40,2633.40,0.0,
25236,Curcuma + Pimienta Negra,Modelife,Blister x 10 comp Modelife,Suplementos,Caja o envase múltiple,2606.40,2606.40,0.0,
727373197884,Curcuma + Pimienta Negra,Modelife,x30 caps. Modelife,Suplementos,Caja o envase múltiple,6804.00,8856.00,23.2,
2541,Espirulina en polvo,Sin marca / fraccionado,X 250 GRS,Suplementos,Fraccionado,9547.02,12123.20,21.3,250
0005,Ginkgo 100,Modelife,x30 comp. Modelife,Suplementos,Caja o envase múltiple,5764.50,7503.00,23.2,
00011,Ginseng Koreano y Magnesio,Modelife,x30 comp. Modelife,Suplementos,Caja o envase múltiple,13891.50,18081.00,23.2,
10041,Glicinato de Magnesio,Sin marca / fraccionado,x150gr Fraccionado,Suplementos,Fraccionado,6809.04,8646.40,21.3,150
10042,Glicinato de Magnesio,Sin marca / fraccionado,x500gr Fraccionado,Suplementos,Fraccionado,21645.54,27486.40,21.3,500
5864124,Graviola,Sin marca / fraccionado,x 90gr harina a base de maca y graviola,Suplementos,Fraccionado,630.00,820.00,23.2,90
00147,Harina de Canabis sativa,Sin marca / fraccionado,x 90 Gr,Suplementos,Fraccionado,630.00,820.00,23.2,90
5864126,Harina de Coca,Sin marca / fraccionado,"analgesico, energizante y antirreumatico",Suplementos,Fraccionado,630.00,820.00,23.2,
6654,Maca Blanca,Kalpa,x500gr Kalpa,Suplementos,Envasado de marca,1883.70,2451.80,23.2,500
7753090000025,Maca Negra,Kalpa,x150gr Kalpa,Suplementos,Envasado de marca,1367.10,1779.40,23.2,150
0008,Magnesio + Vitamina C,Modelife,x30 comp. Modelife,Suplementos,Caja o envase múltiple,5764.50,7503.00,23.2,
0727373197457,Magnesio + Vitamina C,Modelife,x100 Comprimidos Modelife,Suplementos,Caja o envase múltiple,18711.00,24354.00,23.2,
19181713,Matcha Puro en polvo,Tipsy,x50 Grs Tipsy,Suplementos,Envasado de marca,9450.00,12300.00,23.2,50
01,Modelife Aceite de bacalao,Modelife,Blister x 10 comprimidos,Suplementos,Caja o envase múltiple,4818.60,4818.60,0.0,
12121212121,Modelife Acido Folico,Modelife,Blister x 10 comp Modelife,Suplementos,Caja o envase múltiple,3605.40,3605.40,0.0,
727373197693,Modelife Acido Folico Caja,Modelife,x100comp Modelife,Suplementos,Caja o envase múltiple,25231.50,32841.00,23.2,
54614,Modelife Arandanos Max,Modelife,blister x 10 capsulas,Suplementos,Caja o envase múltiple,2498.40,2498.40,0.0,
0002,Modelife Cafe verde,Modelife,x 100 comprimidos,Suplementos,Caja o envase múltiple,18238.50,23739.00,23.2,
03,Modelife Cafe verde,Modelife,x Blister Modelife,Suplementos,Unidad suelta,2606.40,2606.40,0.0,
02,Modelife Cartilago de Tiburon,Modelife,x10 comp. Blister Modelife,Suplementos,Caja o envase múltiple,2552.40,2552.40,0.0,
0001,Modelife Cartilago de Tiburon,Modelife,x100 comp.,Suplementos,Caja o envase múltiple,17869.32,23258.48,23.2,
727373197341,Modelife Centella Asiatica,Modelife,x100 comp. Caja,Suplementos,Caja o envase múltiple,18427.50,23985.00,23.2,
95632,Modelife Citrato de Magnesio + Vit B3,Modelife,x100 comp.,Suplementos,Caja o envase múltiple,20223.00,26322.00,23.2,
874843,Modelife Citrato de Magnesio + Vit B3,Modelife,x10 comp.,Suplementos,Caja o envase múltiple,2022.30,2889.00,30.0,
515336,Modelife Creatina Max,Modelife,10 capsulas,Suplementos,Caja o envase múltiple,2079.00,2970.00,30.0,
515516,Modelife Creatina Max,Modelife,x100 comp.,Suplementos,Caja o envase múltiple,20790.00,27060.00,23.2,
98730,Modelife EnergyMax Plus,Modelife,x30 comp.,Suplementos,Caja o envase múltiple,9072.00,11808.00,23.2,
555,Modelife Ginkgo 100 + Magnesio,Modelife,x10 comp. Blister,Suplementos,Caja o envase múltiple,2592.00,2592.00,0.0,
77777777,Modelife Ginkgo 100 + Magnesio,Modelife,x100 comp. Caja,Suplementos,Caja o envase múltiple,18144.00,23616.00,23.2,
521468565,Modelife Hierro Complex Max,Modelife,Blister x 10 comp Modelife,Suplementos,Caja o envase múltiple,2376.00,2376.00,0.0,
232323332,Modelife Hierro Complex Max Caja,Modelife,x100comp Modelife,Suplementos,Caja o envase múltiple,16632.00,21648.00,23.2,
2148658741,Modelife Lipoxpert,Modelife,Blister x 10 comp Modelife,Suplementos,Caja o envase múltiple,2349.00,2349.00,0.0,
3158856584,Modelife Melena de Leon,Modelife,Blister x 10 comp Modelife,Suplementos,Caja o envase múltiple,6453.00,6453.00,0.0,
727373197761,Modelife Melena de Leon Caja,Modelife,x100 comp Modelife,Suplementos,Caja o envase múltiple,45171.00,58794.00,23.2,
0727373197587,Modelife Multivitaminico  A-Z,Modelife,X 100 capsulas,Suplementos,Caja o envase múltiple,27499.50,35793.00,23.2,
210131,Modelife Multivitaminico A-Z,Modelife,Blister x 10 comp,Suplementos,Caja o envase múltiple,3929.40,3929.40,0.0,
210129,Modelife Omega 369,Modelife,X 100 capsulas,Suplementos,Caja o envase múltiple,24570.00,31980.00,23.2,
210132,Modelife Omega 369,Modelife,Blister x 10,Suplementos,Unidad suelta,3510.00,3510.00,0.0,
090324,Modelife Seximax,Modelife,x 30 comprimidos,Suplementos,Caja o envase múltiple,8316.00,10824.00,23.2,
15355435148,Modelife Triptofano,Modelife,Blister x 10 comp Modelife,Suplementos,Caja o envase múltiple,3807.00,3807.00,0.0,
727373197709,Modelife Triptofano Caja,Modelife,x100comp Modelife,Suplementos,Caja o envase múltiple,26649.00,34686.00,23.2,
1213121312,Modelife Vitamina B12,Modelife,Blister x 10 comp Modelife,Suplementos,Caja o envase múltiple,3848.40,3848.40,0.0,
727373197716,Modelife Vitamina B12 Caja,Modelife,x100 comp Modelife,Suplementos,Caja o envase múltiple,26932.50,35055.00,23.2,
5864123,Moringa en  polvo,Sin marca / fraccionado,sobre x 90 Gr,Suplementos,Fraccionado,630.00,820.00,23.2,90
4789843246529,Spirulina con maca,Sin marca / fraccionado,x90 Grs,Suplementos,Fraccionado,630.00,820.00,23.2,90
00014,Tilo Complex,Modelife,x30 comp. Modelife,Suplementos,Caja o envase múltiple,6237.00,8118.00,23.2,
7798056150291,Tintura Madre Acidez,Andino,N°29 x45cc Andino,Suplementos,Envasado de marca,5367.60,6986.40,23.2,45
7798056150246,Tintura Madre Acido urico,Andino,N°24 x45cc Andino,Suplementos,Envasado de marca,5367.60,6986.40,23.2,45
7798056150031,Tintura Madre Ansiolitco,Andino,N°3 x45cc Andino,Suplementos,Envasado de marca,5367.60,6986.40,23.2,45
7798056150048,Tintura Madre Antiespasmodico,Andino,N°4 x45cc Andino,Suplementos,Envasado de marca,5367.60,6986.40,23.2,45
7798056150024,Tintura Madre Asma,Andino,N°2 x45cc Andino,Suplementos,Envasado de marca,5367.60,6986.40,23.2,45
7798056150161,Tintura Madre Celulitis,Andino,N°16 x45cc Andino,Suplementos,Envasado de marca,5367.60,6986.40,23.2,45
7798056150277,Tintura Madre Circulatorio,Andino,N°27 x45cc Andino,Suplementos,Envasado de marca,5367.60,6986.40,23.2,45
7798056150284,Tintura Madre Cistitis,Andino,N°28 x45cc Andino,Suplementos,Envasado de marca,5367.60,6986.40,23.2,45
7798056150130,Tintura Madre Colesterol,Andino,N°13 x45cc Andino,Suplementos,Envasado de marca,5367.60,6986.40,23.2,45
7798056150178,Tintura Madre Diabetes,Andino,N°17 x45cc Andino,Suplementos,Envasado de marca,5367.60,6986.40,23.2,45
7798056150062,Tintura Madre Digestivo,Andino,N°6 x45cc Andino,Suplementos,Envasado de marca,5367.60,6986.40,23.2,45
7798056150208,Tintura Madre Dispepsia,Andino,N°20 x45cc Andino,Suplementos,Envasado de marca,5367.60,6986.40,23.2,45
7798056150192,Tintura Madre Diuretico,Andino,N°19 x45cc Andino,Suplementos,Envasado de marca,5367.60,6986.40,23.2,45
7798056150222,Tintura Madre Gripe,Andino,N°22 x45cc Andino,Suplementos,Envasado de marca,5367.60,6986.40,23.2,45
7798056150253,Tintura Madre Hepatico,Andino,N°25 x45cc Andino,Suplementos,Envasado de marca,5367.60,6986.40,23.2,45
7798056150086,Tintura Madre Inmunologico,Andino,N°8 x45cc Andino,Suplementos,Envasado de marca,5367.60,6986.40,23.2,45
7798056150260,Tintura Madre Insomnio,Andino,N°26 x45cc Andino,Suplementos,Envasado de marca,5367.60,6986.40,23.2,45
7798056150116,Tintura Madre Laxante,Andino,N°11 x45cc Andino,Suplementos,Envasado de marca,5367.60,6986.40,23.2,45
7798056150215,Tintura Madre Menopausia,Andino,N°21 x45cc Andino,Suplementos,Envasado de marca,5367.60,6986.40,23.2,45
7798056150529,Tintura Madre Migrana,Andino,N°18 x45cc Andino,Suplementos,Envasado de marca,5367.60,6986.40,23.2,45
7798056150307,Tintura Madre Neuroactiva,Andino,N°30 x45cc Andino,Suplementos,Envasado de marca,5367.60,6986.40,23.2,45
7798056150093,Tintura Madre Obesidad,Andino,N°9 x45cc Andino,Suplementos,Envasado de marca,5367.60,6986.40,23.2,45
7798056150123,Tintura Madre Parasitos,Andino,N°12 x45cc Andino,Suplementos,Envasado de marca,5367.60,6986.40,23.2,45
7798056150239,Tintura Madre Presion Alta,Andino,N°23 x45cc Andino,Suplementos,Envasado de marca,5367.60,6986.40,23.2,45
7798056150079,Tintura Madre Re-vital,Andino,N°7 x45cc Andino,Suplementos,Envasado de marca,5367.60,6986.40,23.2,45
7798056150109,Tintura Madre Reumatismo,Andino,N°10 x45cc Andino,Suplementos,Envasado de marca,5367.60,6986.40,23.2,45
7798056150147,Tintura Madre Tonico Cerebral,Andino,N°14 x45cc Andino,Suplementos,Envasado de marca,5367.60,6986.40,23.2,45
7798056150017,Tintura Madre Tranquilizante,Andino,N°1 x45cc Andino,Suplementos,Envasado de marca,5367.60,6986.40,23.2,45
7798056150055,Tintura Madre Varices,Andino,N°5 x45cc Andino,Suplementos,Envasado de marca,5367.60,6986.40,23.2,45
0004,Varistop,Modelife,x30 comp. Modelife,Suplementos,Caja o envase múltiple,7087.50,9225.00,23.2,
00012,Vitamina C,Modelife,x30 copm. Modelife,Suplementos,Envasado de marca,9828.00,12792.00,23.2,
7798033168042,Vitamina C en polvo,NutriNat,x unidad NutriNat,Suplementos,Envasado de marca,224.28,320.40,30.0,
7798033168134,Vitamina C en polvo,NutriNat,CAJA x15 sobres NutriNat,Suplementos,Caja o envase múltiple,3352.86,4257.60,21.3,
7798419660023,Vitamina D 4000 UI x30 Capsulas,WPN,WPN Laboratorios,Suplementos,Caja o envase múltiple,8137.08,10591.12,23.2,
